,name,A-sky,B-pattern,C-thick-dark,D-thick-white,E-veil
0,panel1_NVR_ch1_jpg_20230322164400.jpg,4.424425270599386e-06,0.0014534204638039228,12.288952618837357,85.4153573513031,2.294231578707695
1,panel1_NVR_ch1_jpg_20230322164800.jpg,1.774775743035306e-08,0.0052278130169725046,1.8718816339969635,97.81998991966248,0.30290866270661354
2,panel1_NVR_ch1_jpg_20230322165200.jpg,1.7405311567020298e-09,0.03397775290068239,39.80744183063507,58.484578132629395,1.6739970073103905
3,panel1_NVR_ch1_jpg_20230322165600.jpg,3.556563138613911e-11,0.40188999846577644,0.8559241890907288,98.49289059638977,0.2492882777005434
4,panel1_NVR_ch1_jpg_20230322170200.jpg,2.254394810277754e-18,0.031208305153995752,52.24885940551758,47.71652817726135,0.0034017692087218165
5,panel1_NVR_ch1_jpg_20230329091700.jpg,0.02822048554662615,0.00017969481405089027,14.607354998588562,0.4420754499733448,84.92216467857361
6,panel1_NVR_ch1_jpg_20230329092100.jpg,0.0023697670258115977,3.498846581351245e-05,20.090453326702118,0.3395986743271351,79.56753373146057
7,panel1_NVR_ch1_jpg_20230329092500.jpg,0.0018962760805152357,0.00021811094939039322,29.13472056388855,0.31462900806218386,70.54854035377502
8,panel1_NVR_ch1_jpg_20230329092900.jpg,6.471733513535582e-05,0.00011162567261635559,49.240392446517944,0.06378517718985677,50.695639848709106
9,panel1_NVR_ch1_jpg_20230329093300.jpg,3.099384571214614e-05,0.00018183967540608137,74.21606779098511,0.03285987477283925,25.75085759162903
10,panel1_NVR_ch1_jpg_20230329093700.jpg,9.338146611526099e-06,0.0011632632777036633,86.47645711898804,0.05997139378450811,13.462400436401367
11,panel1_NVR_ch1_jpg_20230329094200.jpg,4.87155418227303e-06,0.0007781655767757911,39.441218972206116,0.03314472269266844,60.52485108375549
12,panel1_NVR_ch1_jpg_20230329141400.jpg,0.003838499469566159,1.2160083279013634,15.698999166488647,4.774864017963409,78.30628752708435
13,panel1_NVR_ch1_jpg_20230329141800.jpg,0.002876131111406721,1.1357391253113747,13.572277128696442,3.274671360850334,82.01443552970886
14,panel1_NVR_ch1_jpg_20230329142200.jpg,0.006751943874405697,1.1829215101897717,15.731281042098999,3.0818000435829163,79.99724745750427
15,panel1_NVR_ch1_jpg_20230329142600.jpg,0.00995206501102075,1.467593014240265,12.762883305549622,3.2292503863573074,82.53031373023987
16,panel1_NVR_ch1_jpg_20230329143000.jpg,0.0426364247687161,2.9356323182582855,10.866612941026688,3.301825001835823,82.8532874584198
17,panel1_NVR_ch1_jpg_20230329143400.jpg,0.05119003471918404,3.6267273128032684,11.182767152786255,2.817329205572605,82.3219895362854
18,panel1_NVR_ch1_jpg_20230329144200.jpg,0.5187549628317356,4.000582918524742,14.370240271091461,4.274743422865868,76.83566808700562
19,panel1_NVR_ch1_jpg_20230329143800.jpg,0.17039142549037933,3.232540190219879,12.238962203264236,2.8740353882312775,81.48406744003296
20,panel1_NVR_ch1_jpg_20230329144600.jpg,0.35984774585813284,5.864248424768448,8.056875318288803,4.331289231777191,81.38774633407593
21,panel1_NVR_ch1_jpg_20230329145000.jpg,0.6641469430178404,5.580686777830124,14.539328217506409,6.0383956879377365,73.17743301391602
22,panel1_NVR_ch1_jpg_20230329145400.jpg,0.21905205212533474,4.836385324597359,20.21014839410782,5.720354989171028,69.01406049728394
23,panel1_NVR_ch1_jpg_20230329145800.jpg,0.08250570390373468,3.3195868134498596,29.03803586959839,5.844898521900177,61.71497106552124
24,panel1_NVR_ch1_jpg_20230329164100.jpg,0.003519209349178709,0.11053741909563541,54.11269664764404,16.863147914409637,28.910094499588013
25,panel1_NVR_ch1_jpg_20230329150700.jpg,0.029196470859460533,2.0978670567274094,32.83818960189819,6.272288411855698,58.76246094703674
26,panel1_NVR_ch1_jpg_20230329164500.jpg,0.0015949508451740257,0.0759412010665983,52.21644639968872,20.965084433555603,26.740938425064087
27,panel1_NVR_ch1_jpg_20230329164900.jpg,0.0015326793800340965,0.05864067352376878,55.14382719993591,20.90252935886383,23.89347106218338
28,panel1_NVR_ch1_jpg_20230329165300.jpg,0.0014444492080656346,0.04859992768615484,52.134770154953,22.53614068031311,25.27904212474823
29,panel1_NVR_ch1_jpg_20230329165700.jpg,0.0006649192528129788,0.03947955556213856,56.95766806602478,21.18200808763504,21.820180118083954
30,panel1_NVR_ch1_jpg_20230329170000.jpg,0.0003946556716982741,0.030464536393992603,57.5578510761261,23.17397892475128,19.237306714057922
31,panel1_NVR_ch1_jpg_20230329170500.jpg,0.00011033024520656909,0.01822172343963757,58.788228034973145,23.754572868347168,17.438869178295135
32,panel1_NVR_ch1_jpg_20230329171000.jpg,6.610385412386677e-05,0.01245022431248799,50.00394582748413,32.91158378124237,17.071951925754547
33,panel1_NVR_ch1_jpg_20230329171500.jpg,3.14350160124377e-05,0.007486861431971192,46.286892890930176,38.98482918739319,14.7207573056221
34,panel1_NVR_ch1_jpg_20230329172100.jpg,1.9050293076361413e-05,0.004212831117911264,47.32274115085602,40.92056751251221,11.75246313214302
35,panel1_NVR_ch1_jpg_20230329172800.jpg,1.0107637393730329e-05,0.003142183049931191,47.741034626960754,42.85721182823181,9.398597478866577
36,panel1_NVR_ch1_jpg_20230403093600.jpg,0.017917361401487142,0.0005780105766461929,5.6335825473070145,1.671440713107586,92.6764726638794
37,panel1_NVR_ch1_jpg_20230403094000.jpg,0.022256268130149692,0.0007235464636323741,2.7311984449625015,1.4915671199560165,95.75425386428833
38,panel1_NVR_ch1_jpg_20230403094500.jpg,0.06768538733012974,0.0036519391869660467,3.99322509765625,1.216308120638132,94.71913576126099
39,panel1_NVR_ch1_jpg_20230403094900.jpg,0.1776556600816548,0.015323428669944406,2.05373615026474,1.007080264389515,96.74620628356934
40,panel1_NVR_ch1_jpg_20230403095300.jpg,0.026027808780781925,0.051306054228916764,1.4161012135446072,0.6390420254319906,97.86752462387085
41,panel1_NVR_ch1_jpg_20230403095700.jpg,0.024188699899241328,0.007256548997247592,9.442910552024841,1.1489824391901493,89.3766701221466
42,panel1_NVR_ch1_jpg_20230403100100.jpg,0.0585737987421453,0.015315295604523271,4.791830852627754,1.5602534636855125,93.57402324676514
43,panel1_NVR_ch1_jpg_20230403100600.jpg,0.006845429743407294,0.1217546290718019,62.4641478061676,1.5562621876597404,35.850995779037476
44,panel1_NVR_ch1_jpg_20230403101100.jpg,0.008742584759602323,1.4103787951171398,47.415703535079956,1.9396614283323288,49.22551214694977
45,panel1_NVR_ch1_jpg_20230403101500.jpg,0.005170496297068894,1.0633542202413082,74.12126064300537,6.8778738379478455,17.932339012622833
46,panel1_NVR_ch1_jpg_20230403135000.jpg,0.00030830829018668737,0.21127944346517324,19.256916642189026,0.6388208363205194,79.89267706871033
47,panel1_NVR_ch1_jpg_20230403135400.jpg,0.0004911979885946494,0.32491558231413364,17.86256730556488,0.75449263677001,81.05753660202026
48,panel1_NVR_ch1_jpg_20230403135800.jpg,0.0004400047146191355,0.2613638760522008,19.70571130514145,0.6710699759423733,79.36140298843384
49,panel1_NVR_ch1_jpg_20230403140200.jpg,0.000359201339961146,0.26089115999639034,15.691624581813812,0.6199626252055168,83.42716097831726
50,panel1_NVR_ch1_jpg_20230403140600.jpg,0.0005600900749413995,0.4748002626001835,16.64745956659317,1.1245225556194782,81.7526638507843
51,panel1_NVR_ch1_jpg_20230403141000.jpg,0.00042234382817696314,0.5981638096272945,11.971211433410645,1.4825989492237568,85.9476089477539
52,panel1_NVR_ch1_jpg_20230403141400.jpg,0.0006361059149639914,0.7630697917193174,13.093534111976624,1.5433503314852715,84.59941148757935
53,panel1_NVR_ch1_jpg_20230403141800.jpg,0.0006882035904709483,0.8739987388253212,11.289545148611069,2.1064117550849915,85.72935461997986
54,panel1_NVR_ch1_jpg_20230403142200.jpg,0.00045968226913828403,0.7572423201054335,14.94155079126358,2.114228531718254,82.18652009963989
55,panel1_NVR_ch1_jpg_20230403142600.jpg,0.0006000388566462789,0.774167338386178,9.525012224912643,1.8182214349508286,87.88200616836548
56,panel1_NVR_ch1_jpg_20230403144400.jpg,0.001461674582969863,1.5098676085472107,9.099022299051285,3.4583166241645813,85.93132495880127
57,panel1_NVR_ch1_jpg_20230403144800.jpg,0.0029653547244379297,1.811990700662136,8.270879834890366,3.1161844730377197,86.79797649383545
58,panel1_NVR_ch1_jpg_20230403145200.jpg,0.0024507531634299085,1.688382402062416,11.669381707906723,4.5386601239442825,82.10111856460571
59,panel1_NVR_ch1_jpg_20230403145600.jpg,0.002914597098424565,2.079710178077221,9.885770827531815,5.127929523587227,82.90367126464844
60,panel1_NVR_ch1_jpg_20230403150000.jpg,0.001968342075997498,2.2310789674520493,8.927086740732193,6.527214497327805,82.3126494884491
61,panel1_NVR_ch1_jpg_20230403150400.jpg,0.001904529744933825,1.6966214403510094,10.178253054618835,5.8944907039403915,82.2287380695343
62,panel1_NVR_ch1_jpg_20230403150800.jpg,0.004326362250139937,2.5422584265470505,7.794106751680374,4.3947190046310425,85.2645754814148
63,panel1_NVR_ch1_jpg_20230403151200.jpg,0.004009393524029292,1.6635816544294357,11.01885437965393,4.833310469985008,82.48023986816406
64,panel1_NVR_ch1_jpg_20230403151600.jpg,0.007189852476585656,1.9110057502985,8.551524579524994,3.551119938492775,85.97915768623352
65,panel1_NVR_ch1_jpg_20230403152000.jpg,0.0077398923167493194,1.7051300033926964,10.771185904741287,4.441151395440102,83.0747902393341
66,panel1_NVR_ch1_jpg_20230403164700.jpg,0.1639882568269968,0.1325867255218327,14.544373750686646,31.10015094280243,54.058897495269775
67,panel1_NVR_ch1_jpg_20230403165100.jpg,0.10707371402531862,0.053715938702225685,14.78581577539444,42.42833852767944,42.62505769729614
68,panel1_NVR_ch1_jpg_20230403165500.jpg,0.06832765066064894,0.023596924438606948,16.293218731880188,48.36403131484985,35.25082468986511
69,panel1_NVR_ch1_jpg_20230403165900.jpg,0.10538263013586402,0.029198965057730675,14.567218720912933,54.20418381690979,31.094014644622803
70,panel1_NVR_ch1_jpg_20230403170300.jpg,0.07364426273852587,0.015972924302332103,10.999168455600739,64.04864192008972,24.862578511238098
71,panel1_NVR_ch1_jpg_20230403170700.jpg,0.03573952126316726,0.00540405890205875,7.541743665933609,77.3472249507904,15.069885551929474
72,panel1_NVR_ch1_jpg_20230403171200.jpg,0.04708690685220063,0.006463388126576319,6.921505928039551,74.53418374061584,18.490760028362274
73,panel1_NVR_ch1_jpg_20230403171800.jpg,0.02299533225595951,0.0030048728149267845,7.9377830028533936,77.09130644798279,14.944909512996674
74,panel1_NVR_ch1_jpg_20230403172300.jpg,0.026990214246325195,0.004006872768513858,6.265025585889816,80.71737289428711,12.986612319946289
75,panel1_NVR_ch1_jpg_20230403172700.jpg,0.02107286563841626,0.002265673720103223,4.066035151481628,86.32153868675232,9.589090943336487
76,panel1_NVR_ch1_jpg_20230403173100.jpg,0.008905363210942596,0.0012397470527503174,3.565998747944832,89.75039720535278,6.673455238342285
77,panel1_NVR_ch1_jpg_20230410091800.jpg,2.787152482142119e-05,8.975111143172398e-06,15.392288565635681,0.06775878719054163,84.53992009162903
78,panel1_NVR_ch1_jpg_20230410091900.jpg,3.369844137068867e-05,1.1260640064847394e-05,13.496878743171692,0.05824409890919924,86.44483685493469
79,panel1_NVR_ch1_jpg_20230410092000.jpg,2.2739132532478834e-05,1.0957946727785384e-05,16.383707523345947,0.057440134696662426,83.55881571769714
80,panel1_NVR_ch1_jpg_20230410092200.jpg,0.00015702548807894345,5.008087669011729e-05,5.65597340464592,0.08667195797897875,94.25714612007141
81,panel1_NVR_ch1_jpg_20230410092400.jpg,1.9235281456531084e-05,1.1925770593279594e-05,21.181009709835052,0.05260818870738149,78.7663459777832
82,panel1_NVR_ch1_jpg_20230410092300.jpg,2.0116368659728323e-05,1.235854227843447e-05,19.649308919906616,0.05533933290280402,80.29531240463257
83,panel1_NVR_ch1_jpg_20230410092600.jpg,1.1182167014567312e-05,9.034184955680757e-06,27.681848406791687,0.06611609715037048,72.25202322006226
84,panel1_NVR_ch1_jpg_20230410092700.jpg,0.0001745340000525175,4.0697855752114265e-05,4.462115839123726,0.07614339701831341,95.46152353286743
85,panel1_NVR_ch1_jpg_20230410092800.jpg,1.1145205291995808e-05,8.775361948210048e-06,27.338045835494995,0.04682352300733328,72.6151168346405
86,panel1_NVR_ch1_jpg_20230410093000.jpg,9.890410410662298e-05,3.477116194972041e-05,12.081892043352127,0.08972806972451508,87.82826066017151
87,panel1_NVR_ch1_jpg_20230410093100.jpg,1.723800124864283e-05,1.7046274081167212e-05,25.936046242713928,0.054486835142597556,74.00943040847778
88,panel1_NVR_ch1_jpg_20230410093200.jpg,0.00013597112911156728,3.392260623513721e-05,9.020627290010452,0.09398162364959717,90.88521599769592
89,panel1_NVR_ch1_jpg_20230410093400.jpg,1.155243936068473e-05,1.1220076601148321e-05,36.53835654258728,0.047709091450087726,63.41390609741211
90,panel1_NVR_ch1_jpg_20230410093500.jpg,1.0540340156239836e-05,1.0773351988291324e-05,38.51803243160248,0.05329560372047126,61.42866611480713
91,panel1_NVR_ch1_jpg_20230410093600.jpg,6.7959199157030525e-06,7.1824004521658935e-06,34.07972455024719,0.049825775204226375,65.87043404579163
92,panel1_NVR_ch1_jpg_20230410093800.jpg,1.6357391530164023e-05,1.3425844258563302e-05,27.942174673080444,0.04886066308245063,72.00892567634583
93,panel1_NVR_ch1_jpg_20230410093900.jpg,9.176248738640425e-06,1.6441420314095012e-05,47.06574082374573,0.0379422795958817,52.896296977996826
94,panel1_NVR_ch1_jpg_20230410094000.jpg,1.5615573545346706e-05,1.2511094382716692e-05,31.88711106777191,0.04737231938634068,68.06548237800598
95,panel1_NVR_ch1_jpg_20230410094200.jpg,1.6080521447747742e-05,1.443476378426567e-05,32.31956362724304,0.05850254092365503,67.621910572052
96,panel1_NVR_ch1_jpg_20230410094300.jpg,8.812340013264475e-06,1.1661389009987033e-05,54.58815097808838,0.028902472695335746,45.382922887802124
97,panel1_NVR_ch1_jpg_20230410094400.jpg,1.4763584488264314e-05,2.225549025069995e-05,41.53359830379486,0.03704035189002752,58.429330587387085
98,panel1_NVR_ch1_jpg_20230410094600.jpg,2.2292357471087598e-05,2.097286966318279e-05,46.14298641681671,0.070526561466977,53.786444664001465
99,panel1_NVR_ch1_jpg_20230410094700.jpg,1.7392585505149327e-05,1.7256839157653303e-05,40.90459942817688,0.0530181685462594,59.04235243797302
100,panel1_NVR_ch1_jpg_20230410094800.jpg,2.4143258769981912e-05,1.7619943548652373e-05,58.0801784992218,0.08008686709217727,41.83968901634216
101,panel1_NVR_ch1_jpg_20230410095000.jpg,1.7271383967454312e-05,1.7595377244106203e-05,65.0743305683136,0.06578519241884351,34.85984206199646
102,panel1_NVR_ch1_jpg_20230410095100.jpg,1.574386914171555e-05,3.5295497013976274e-05,68.66476535797119,0.054779433412477374,31.280401349067688
103,panel1_NVR_ch1_jpg_20230410095200.jpg,1.5386991947252682e-05,4.4302646529104095e-05,71.70239686965942,0.05449061864055693,28.243058919906616
104,panel1_NVR_ch1_jpg_20230410095400.jpg,6.434417798573122e-06,3.909478891728213e-05,69.49039697647095,0.028961064526811242,30.480599403381348
105,panel1_NVR_ch1_jpg_20230410095500.jpg,7.133690616001331e-06,3.3857185144370305e-05,69.86803412437439,0.02188766229664907,30.110034346580505
106,panel1_NVR_ch1_jpg_20230410095600.jpg,4.412535048459176e-06,2.908113003741164e-05,86.43574714660645,0.02198214642703533,13.542240858078003
107,panel1_NVR_ch1_jpg_20230410134300.jpg,0.0776370638050139,2.6317471638321877,11.491217464208603,1.9332077354192734,83.86618494987488
108,panel1_NVR_ch1_jpg_20230410134400.jpg,0.041269499342888594,1.4374575577676296,9.689444303512573,1.1946692131459713,87.63716220855713
109,panel1_NVR_ch1_jpg_20230410134500.jpg,0.04169288440607488,1.3664438389241695,8.599284291267395,1.0792973451316357,88.91327381134033
110,panel1_NVR_ch1_jpg_20230410134700.jpg,0.0340516708092764,1.5920020639896393,8.799179643392563,1.4321504160761833,88.1426215171814
111,panel1_NVR_ch1_jpg_20230410134800.jpg,0.03628305858001113,1.685452088713646,10.03553792834282,1.6280530020594597,86.61467432975769
112,panel1_NVR_ch1_jpg_20230410134900.jpg,0.040269026067107916,1.469139475375414,8.189520984888077,1.0987889021635056,89.20227885246277
113,panel1_NVR_ch1_jpg_20230410135100.jpg,0.04127917345613241,1.7382815480232239,9.069590270519257,1.3750247657299042,87.77582049369812
114,panel1_NVR_ch1_jpg_20230410135200.jpg,0.048632026300765574,1.8011778593063354,7.226921617984772,1.1896408163011074,89.73362445831299
115,panel1_NVR_ch1_jpg_20230410135300.jpg,0.03319642273709178,1.8048591911792755,9.29022878408432,1.4973691664636135,87.37435340881348
116,panel1_NVR_ch1_jpg_20230410135500.jpg,0.03313852066639811,1.7676422372460365,7.9938918352127075,1.3656584545969963,88.83967399597168
117,panel1_NVR_ch1_jpg_20230410135600.jpg,0.039307656697928905,1.8577415496110916,7.580578327178955,1.413067802786827,89.10930156707764
118,panel1_NVR_ch1_jpg_20230410135700.jpg,0.045633138506673276,1.7691724002361298,6.795342266559601,1.1648690328001976,90.2249813079834
119,panel1_NVR_ch1_jpg_20230410135900.jpg,0.06559048197232187,2.2929973900318146,8.193189650774002,1.5915215015411377,87.85669207572937
120,panel1_NVR_ch1_jpg_20230410140000.jpg,0.06968273664824665,2.5108685716986656,8.408308029174805,1.779690757393837,87.23145127296448
121,panel1_NVR_ch1_jpg_20230410140100.jpg,0.07859953911975026,2.5222893804311752,9.009388834238052,1.7385847866535187,86.6511344909668
122,panel1_NVR_ch1_jpg_20230410140300.jpg,0.08368823328055441,2.7981851249933243,12.630683183670044,2.3105353116989136,82.17689990997314
123,panel1_NVR_ch1_jpg_20230410140400.jpg,0.09540972532704473,3.149823099374771,13.46883773803711,2.8450485318899155,80.44087886810303
124,panel1_NVR_ch1_jpg_20230410140500.jpg,0.0888447102624923,3.101513162255287,12.806448340415955,2.9890336096286774,81.01416826248169
125,panel1_NVR_ch1_jpg_20230410140700.jpg,0.09408890036866069,2.896563708782196,13.137130439281464,2.75704562664032,81.11516833305359
126,panel1_NVR_ch1_jpg_20230410140800.jpg,0.1126240473240614,3.057125397026539,13.76730352640152,2.8518997132778168,80.2110493183136
127,panel1_NVR_ch1_jpg_20230410140900.jpg,0.10752999223768711,3.467120975255966,15.545080602169037,3.197251260280609,77.68301367759705
128,panel1_NVR_ch1_jpg_20230410141100.jpg,0.15884657623246312,3.377264365553856,18.259380757808685,3.4202665090560913,74.78424906730652
129,panel1_NVR_ch1_jpg_20230410141200.jpg,0.17199584981426597,3.7610553205013275,18.22618842124939,3.8185831159353256,74.02217388153076
130,panel1_NVR_ch1_jpg_20230410141300.jpg,0.18418481340631843,3.560614585876465,18.567918241024017,3.364400938153267,74.32288527488708
131,panel1_NVR_ch1_jpg_20230410141500.jpg,0.2258330350741744,4.55457903444767,18.462087213993073,4.2543187737464905,72.50317931175232
132,panel1_NVR_ch1_jpg_20230410141600.jpg,0.24174584541469812,4.346194490790367,19.194240868091583,4.020224511623383,72.19759225845337
133,panel1_NVR_ch1_jpg_20230410141700.jpg,0.22283399011939764,3.955649957060814,19.6197047829628,3.7871655076742172,72.41464257240295
134,panel1_NVR_ch1_jpg_20230410141900.jpg,0.2680714474990964,4.227647930383682,19.74116563796997,3.736722096800804,72.02640175819397
135,panel1_NVR_ch1_jpg_20230410142000.jpg,0.34681137185543776,4.5266300439834595,19.726447761058807,3.6532681435346603,71.74684405326843
136,panel1_NVR_ch1_jpg_20230410142100.jpg,0.2756468951702118,4.926707223057747,17.82515048980713,3.7365075200796127,73.23599457740784
137,panel1_NVR_ch1_jpg_20230410142300.jpg,0.5329126957803965,7.059247046709061,17.91354864835739,5.63863031566143,68.85566115379333
138,panel1_NVR_ch1_jpg_20230410142400.jpg,0.4835255444049835,6.987368315458298,16.50133579969406,5.852119624614716,70.17565369606018
139,panel1_NVR_ch1_jpg_20230410142500.jpg,0.4797778557986021,6.990973651409149,16.966840624809265,5.631331726908684,69.93107795715332
140,panel1_NVR_ch1_jpg_20230410142700.jpg,0.4587596282362938,6.642197817564011,18.43544691801071,5.469006299972534,68.9945936203003
141,panel1_NVR_ch1_jpg_20230410142800.jpg,0.47425199300050735,7.175308465957642,16.577865183353424,5.6346844881772995,70.1378881931305
142,panel1_NVR_ch1_jpg_20230410142900.jpg,0.505596399307251,6.741691380739212,17.721574008464813,5.311908945441246,69.71923112869263
143,panel1_NVR_ch1_jpg_20230410143100.jpg,0.48211715184152126,5.831649526953697,21.124252676963806,4.14946936070919,68.41251850128174
144,panel1_NVR_ch1_jpg_20230410143200.jpg,0.36210021935403347,4.643691703677177,21.25851660966873,3.2420024275779724,70.49368619918823
145,panel1_NVR_ch1_jpg_20230410143300.jpg,0.4809886682778597,6.301841884851456,19.52863484621048,4.429034888744354,69.25950050354004
146,panel1_NVR_ch1_jpg_20230410164800.jpg,0.002720888369367458,0.003399304478080012,44.63634192943573,6.102422997355461,49.25512075424194
147,panel1_NVR_ch1_jpg_20230410164900.jpg,0.001567866638652049,0.0025572966478648596,49.203625321388245,6.165610253810883,44.626641273498535
148,panel1_NVR_ch1_jpg_20230410165200.jpg,0.00390293680538889,0.0012891941878478974,48.624882102012634,7.222971320152283,44.14694905281067
149,panel1_NVR_ch1_jpg_20230410165300.jpg,0.004486882971832529,0.0010636446859280113,42.95261800289154,11.318957060575485,45.72286605834961
150,panel1_NVR_ch1_jpg_20230410165000.jpg,0.0015259012798196636,0.001739283288770821,51.92086100578308,5.966140329837799,42.10973381996155
151,panel1_NVR_ch1_jpg_20230410165400.jpg,0.013819956802763045,0.0013272176147438586,24.39340502023697,17.826594412326813,57.76485800743103
152,panel1_NVR_ch1_jpg_20230410165700.jpg,0.004220768823870458,0.001850433363870252,32.30021595954895,17.280662059783936,50.4130482673645
153,panel1_NVR_ch1_jpg_20230410165800.jpg,0.006836222019046545,0.0017212001694133505,30.652841925621033,15.73101133108139,53.60758900642395
154,panel1_NVR_ch1_jpg_20230410165900.jpg,0.005192522803554311,0.0017536258383188397,34.12050008773804,13.637243211269379,52.23531126976013
155,panel1_NVR_ch1_jpg_20230410170100.jpg,0.0075967785960529,0.0017718233721097931,30.944350361824036,14.652128517627716,54.39414381980896
156,panel1_NVR_ch1_jpg_20230410170200.jpg,0.009385521843796596,0.0017836382539826445,29.463213682174683,13.435685634613037,57.08993077278137
157,panel1_NVR_ch1_jpg_20230410170300.jpg,0.007451420970028266,0.0018435715901432559,30.442896485328674,14.950558543205261,54.5972466468811
158,panel1_NVR_ch1_jpg_20230410170500.jpg,0.0055453354434575886,0.001913363485073205,34.88769829273224,16.193829476833344,48.91101121902466
159,panel1_NVR_ch1_jpg_20230410170600.jpg,0.004990012894268148,0.0019152068489347585,35.39062440395355,16.518503427505493,48.08396399021149
160,panel1_NVR_ch1_jpg_20230410170700.jpg,0.0067365595896262676,0.002058284735539928,32.56772756576538,17.549075186252594,49.8744010925293
161,panel1_NVR_ch1_jpg_20230410170900.jpg,0.011426571290940046,0.002162021519325208,28.5870224237442,18.372662365436554,53.026723861694336
162,panel1_NVR_ch1_jpg_20230410171000.jpg,0.011263368651270866,0.002053621574304998,27.334046363830566,19.866012036800385,52.786630392074585
163,panel1_NVR_ch1_jpg_20230410171100.jpg,0.011086920130765066,0.001930999496835284,26.828765869140625,20.900800824165344,52.25741267204285
164,panel1_NVR_ch1_jpg_20230410171300.jpg,0.017862171807792038,0.0022003117919666693,25.121986865997314,21.65646404027939,53.20148468017578
165,panel1_NVR_ch1_jpg_20230410171400.jpg,0.014061215915717185,0.002204748489020858,24.20389950275421,25.172141194343567,50.60769319534302
166,panel1_NVR_ch1_jpg_20230410171500.jpg,0.013242264685686678,0.0023913684344734065,24.1502046585083,24.90239590406418,50.931763648986816
167,panel1_NVR_ch1_jpg_20230410171700.jpg,0.014402838132809848,0.0022639738745056093,21.17108404636383,31.80062174797058,47.01162576675415
168,panel1_NVR_ch1_jpg_20230410171800.jpg,0.012234061432536691,0.002273203426739201,20.355813205242157,35.2306604385376,44.39902603626251
169,panel1_NVR_ch1_jpg_20230410171900.jpg,0.008541472925571725,0.0023217520720208995,22.749702632427216,35.72900593280792,41.510435938835144
170,panel1_NVR_ch1_jpg_20230410172100.jpg,0.0074399649747647345,0.0023288677766686305,20.354926586151123,41.88629984855652,37.74900436401367
171,panel1_NVR_ch1_jpg_20230410172200.jpg,0.006256059714360163,0.0024141698304447345,21.5868279337883,43.75843703746796,34.64605510234833
172,panel1_NVR_ch1_jpg_20230410172300.jpg,0.00778707762947306,0.002314658195246011,21.031397581100464,43.810251355171204,35.148248076438904
173,panel1_NVR_ch1_jpg_20230410172500.jpg,0.0035334916901774704,0.0020395320461830124,24.00871366262436,47.94832766056061,28.0373752117157
174,panel1_NVR_ch1_jpg_20230410172600.jpg,0.002613710967125371,0.0021765064957435243,25.072625279426575,47.67575263977051,27.246838808059692
175,panel1_NVR_ch1_jpg_20230410172700.jpg,0.0019008542949450202,0.0017155369278043509,25.12875497341156,50.356513261795044,24.511104822158813
176,panel1_NVR_ch1_jpg_20230410172900.jpg,0.0018950207959278487,0.0013573877367889509,24.473701417446136,53.71272563934326,21.810321509838104
177,panel1_NVR_ch1_jpg_20230410173000.jpg,0.00129934251162922,0.001157042061095126,26.159167289733887,54.609084129333496,19.229300320148468
178,panel1_NVR_ch1_jpg_20230410173100.jpg,0.001105118190025678,0.0012385237823764328,26.742076873779297,54.84148859977722,18.41408908367157
179,panel1_NVR_ch1_jpg_20230417092100.jpg,0.0001140831841439649,0.00021687537810066715,45.42599022388458,0.19304149318486452,54.38063144683838
180,panel1_NVR_ch1_jpg_20230417092200.jpg,0.00018612199710332789,0.0002288496716573718,34.19840633869171,0.17871296731755137,65.62246680259705
181,panel1_NVR_ch1_jpg_20230417092300.jpg,0.00033788837754400447,0.00027752887490350986,23.028643429279327,0.18450008938089013,76.78623795509338
182,panel1_NVR_ch1_jpg_20230417092500.jpg,0.00012227684464960475,0.0003123855094600003,43.31097602844238,0.12566607911139727,56.56293034553528
183,panel1_NVR_ch1_jpg_20230417092600.jpg,3.7350753245846136e-05,0.00021669725356332492,71.33553624153137,0.06912557291798294,28.595083951950073
184,panel1_NVR_ch1_jpg_20230417092700.jpg,8.700181410858931e-05,0.0005721828529203776,53.093862533569336,0.10061775101348758,46.80485725402832
185,panel1_NVR_ch1_jpg_20230417092900.jpg,6.148397346805723e-05,0.00031271342777472455,62.70190477371216,0.09343023411929607,37.20429837703705
186,panel1_NVR_ch1_jpg_20230417093000.jpg,8.566209999116836e-05,0.0003262973223172594,59.13918614387512,0.10575118940323591,40.75464308261871
187,panel1_NVR_ch1_jpg_20230417093100.jpg,5.918027454754338e-05,0.00015984743413355318,46.05612754821777,0.09416910470463336,53.849488496780396
188,panel1_NVR_ch1_jpg_20230417093300.jpg,3.695162718031497e-05,0.0001929075324369478,62.702858448028564,0.07561946986243129,37.22129762172699
189,panel1_NVR_ch1_jpg_20230417093400.jpg,4.097475994058186e-05,0.00016384011587433633,58.161282539367676,0.077744823647663,41.76076650619507
190,panel1_NVR_ch1_jpg_20230417093500.jpg,4.989022386325814e-05,0.00025822218958637677,51.612389087677,0.08197507122531533,48.30533266067505
191,panel1_NVR_ch1_jpg_20230417093700.jpg,2.9163675208110362e-05,0.0003020197027581162,63.842982053756714,0.05288108950480819,36.103805899620056
192,panel1_NVR_ch1_jpg_20230417093800.jpg,2.9534680834331084e-05,0.0002845111566784908,62.55117058753967,0.059341348242014647,37.389177083969116
193,panel1_NVR_ch1_jpg_20230417093900.jpg,3.449282530709752e-05,0.0003016678419953678,66.77140593528748,0.05229057278484106,33.17597210407257
194,panel1_NVR_ch1_jpg_20230417094100.jpg,1.117269050610048e-05,0.0001094446247407177,83.0668568611145,0.036115400143899024,16.896909475326538
195,panel1_NVR_ch1_jpg_20230417094200.jpg,6.446478550969914e-06,6.439299227167794e-05,90.96261858940125,0.02291174459969625,9.014403074979782
196,panel1_NVR_ch1_jpg_20230417094300.jpg,8.619042546342826e-06,9.683374173619086e-05,88.06302547454834,0.03125432995148003,11.905618011951447
197,panel1_NVR_ch1_jpg_20230417094500.jpg,4.941638565014728e-06,6.688279086120019e-05,89.4303023815155,0.023795687593519688,10.54583340883255
198,panel1_NVR_ch1_jpg_20230417094600.jpg,4.806481257446649e-06,4.865358391725749e-05,89.86009359359741,0.020256945572327822,10.119590908288956
199,panel1_NVR_ch1_jpg_20230417094700.jpg,5.828270133179103e-06,5.608124524769664e-05,87.95280456542969,0.02289805270265788,12.024232745170593
200,panel1_NVR_ch1_jpg_20230417095000.jpg,2.9965158887534926e-05,0.00020762211079272674,78.71096134185791,0.046935127465985715,21.241866052150726
201,panel1_NVR_ch1_jpg_20230417094900.jpg,2.413142112800415e-05,0.00016157133586602868,80.45135140419006,0.040783610893413424,19.50768083333969
202,panel1_NVR_ch1_jpg_20230417095100.jpg,4.13311795455229e-05,0.0002823401928253588,76.97478532791138,0.04901999491266906,22.975876927375793
203,panel1_NVR_ch1_jpg_20230417095300.jpg,4.2459478777345794e-05,0.0003261523715991643,80.20832538604736,0.04058804188389331,19.75071281194687
204,panel1_NVR_ch1_jpg_20230417095400.jpg,8.529175943294831e-06,9.454978453504737e-05,93.69375705718994,0.021364199346862733,6.284784525632858
205,panel1_NVR_ch1_jpg_20230417095500.jpg,4.313020340873663e-06,4.957880150868732e-05,96.11598253250122,0.014089595060795546,3.86987142264843
206,panel1_NVR_ch1_jpg_20230417095700.jpg,2.4201346704444404e-06,3.1878388995210116e-05,96.82281613349915,0.012231673463247716,3.1649190932512283
207,panel1_NVR_ch1_jpg_20230417095800.jpg,4.3108695280125175e-06,5.4724711162634776e-05,95.21759152412415,0.016363681061193347,4.765992239117622
208,panel1_NVR_ch1_jpg_20230417095900.jpg,4.199740644139638e-06,6.41068538698164e-05,94.36030983924866,0.01967318239621818,5.6199464946985245
209,panel1_NVR_ch1_jpg_20230417134200.jpg,0.0007271582489920547,0.4908958449959755,86.46942377090454,2.294989861547947,10.743965953588486
210,panel1_NVR_ch1_jpg_20230417134300.jpg,0.001228251221618848,0.6113989278674126,87.32441067695618,2.270282059907913,9.79267880320549
211,panel1_NVR_ch1_jpg_20230417134400.jpg,0.001456749396311352,0.7067970000207424,85.9035313129425,2.6352308690547943,10.752979665994644
212,panel1_NVR_ch1_jpg_20230417134600.jpg,0.0013356689123611432,0.8650807663798332,84.99390482902527,2.984899654984474,11.154776811599731
213,panel1_NVR_ch1_jpg_20230417134700.jpg,0.0005442408109956887,0.919623114168644,89.31868076324463,2.2620446979999542,7.499101758003235
214,panel1_NVR_ch1_jpg_20230417134800.jpg,0.0011157975677633658,0.8090484887361526,86.04519367218018,2.7036333456635475,10.441005229949951
215,panel1_NVR_ch1_jpg_20230417135000.jpg,0.00047794283091207035,0.4965025931596756,87.85682916641235,2.324698120355606,9.321491420269012
216,panel1_NVR_ch1_jpg_20230417135100.jpg,0.00018135104937755386,0.377314374782145,90.13534188270569,2.1091653034090996,7.377990335226059
217,panel1_NVR_ch1_jpg_20230417135200.jpg,0.00033366020488756476,0.4541095346212387,90.71725010871887,1.917419396340847,6.910882890224457
218,panel1_NVR_ch1_jpg_20230417135400.jpg,0.00029905086194048636,0.47746021300554276,90.92981219291687,2.0204609259963036,6.571974605321884
219,panel1_NVR_ch1_jpg_20230417135500.jpg,0.00030264388897194294,0.47074034810066223,91.2757158279419,1.807350479066372,6.445885449647903
220,panel1_NVR_ch1_jpg_20230417135600.jpg,0.0003402371703487006,0.4444797523319721,91.57081246376038,1.744021475315094,6.240347400307655
221,panel1_NVR_ch1_jpg_20230417135800.jpg,0.00015550838270428358,0.22392056416720152,92.98362731933594,1.6752468422055244,5.1170531660318375
222,panel1_NVR_ch1_jpg_20230417135900.jpg,0.0001170162590824475,0.15823987778276205,93.62050890922546,1.6753412783145905,4.545795172452927
223,panel1_NVR_ch1_jpg_20230417140000.jpg,0.00015746026065244223,0.14398815110325813,92.89395809173584,1.7994271591305733,5.162469297647476
224,panel1_NVR_ch1_jpg_20230417140200.jpg,0.00015706082194810733,0.1717879786156118,93.30981373786926,1.6648061573505402,4.85343374311924
225,panel1_NVR_ch1_jpg_20230417140300.jpg,0.0002926498837041436,0.2585761481896043,90.88943004608154,2.071671187877655,6.780039519071579
226,panel1_NVR_ch1_jpg_20230417140400.jpg,0.0006365634362737183,0.2933018375188112,87.15287446975708,2.5305626913905144,10.022617876529694
227,panel1_NVR_ch1_jpg_20230417140600.jpg,0.0002877770612030872,0.8073374629020691,86.11629605293274,4.278833791613579,8.797243237495422
228,panel1_NVR_ch1_jpg_20230417140700.jpg,0.0003762992037081858,0.317471195012331,90.06481170654297,1.7988014966249466,7.818538695573807
229,panel1_NVR_ch1_jpg_20230417140800.jpg,0.0006949620001250878,0.5607409402728081,89.43020701408386,1.8214669078588486,8.186890184879303
230,panel1_NVR_ch1_jpg_20230417141000.jpg,0.000869480300025316,0.902129989117384,90.58293104171753,1.7651809379458427,6.748893857002258
231,panel1_NVR_ch1_jpg_20230417141100.jpg,0.0005572163900069427,0.684999069198966,93.5090184211731,1.3707248494029045,4.434705153107643
232,panel1_NVR_ch1_jpg_20230417141200.jpg,0.00017628932482693926,0.6429595872759819,94.7135865688324,1.035123784095049,3.6081481724977493
233,panel1_NVR_ch1_jpg_20230417141400.jpg,0.0002437110424580169,0.4858252126723528,93.9732313156128,1.5015490353107452,4.03914712369442
234,panel1_NVR_ch1_jpg_20230417141500.jpg,0.00030112933018244803,0.48704035580158234,93.24667453765869,1.7271500080823898,4.538830742239952
235,panel1_NVR_ch1_jpg_20230417141600.jpg,0.0005520463218999794,1.0336533188819885,90.95142483711243,1.8980937078595161,6.11628070473671
236,panel1_NVR_ch1_jpg_20230417165100.jpg,3.126734426928124e-06,0.0003177155122102704,92.75884628295898,0.7286407053470612,6.512194871902466
237,panel1_NVR_ch1_jpg_20230417165200.jpg,2.130501641772753e-06,0.0002455775529597304,92.63092279434204,1.5824967995285988,5.786342918872833
238,panel1_NVR_ch1_jpg_20230417165300.jpg,4.1740065626072465e-06,0.00030503103971568635,90.31901359558105,2.5035832077264786,7.177095115184784
239,panel1_NVR_ch1_jpg_20230417165600.jpg,9.053150620275119e-05,0.0018873437511501834,85.69979667663574,0.5706054624170065,13.727612793445587
240,panel1_NVR_ch1_jpg_20230417165700.jpg,9.449702815800265e-05,0.0015623769286321476,84.13442969322205,0.874786265194416,14.989131689071655
241,panel1_NVR_ch1_jpg_20230417165800.jpg,7.603424023727712e-05,0.0008041872206376866,85.64649224281311,0.766082713380456,13.58654499053955
242,panel1_NVR_ch1_jpg_20230417170000.jpg,5.6639453305251664e-05,0.0005494441666087369,85.55068373680115,1.1562295258045197,13.29248696565628
243,panel1_NVR_ch1_jpg_20230417170100.jpg,4.538345024229784e-05,0.00038828907236165833,83.78431797027588,1.5102569013834,14.70499038696289
244,panel1_NVR_ch1_jpg_20230417170400.jpg,1.4415736870887486e-05,0.00014093920981395058,89.72982168197632,1.8422512337565422,8.427771925926208
245,panel1_NVR_ch1_jpg_20230417170200.jpg,1.9948660678892338e-05,0.00020034271983604413,87.72968649864197,1.509170327335596,10.760924965143204
246,panel1_NVR_ch1_jpg_20230417170500.jpg,1.2678968630552845e-05,8.176830306183547e-05,90.79742431640625,1.4635002240538597,7.738976180553436
247,panel1_NVR_ch1_jpg_20230417170600.jpg,2.6213484716208768e-05,0.0001230945258612337,86.01270914077759,2.835945785045624,11.15119382739067
248,panel1_NVR_ch1_jpg_20230417170800.jpg,3.6437999284544276e-06,2.132158698486819e-05,91.59511923789978,2.5015808641910553,5.903274938464165
249,panel1_NVR_ch1_jpg_20230417170900.jpg,1.929505444309143e-06,1.5528672747677774e-05,93.79763603210449,2.5264153257012367,3.6759357899427414
250,panel1_NVR_ch1_jpg_20230417171000.jpg,3.769134337971991e-06,3.6984516782467836e-05,92.5496757030487,1.8049800768494606,5.645304173231125
251,panel1_NVR_ch1_jpg_20230417171200.jpg,4.302845724168947e-06,5.239664915279718e-05,90.49619436264038,2.3177821189165115,7.185970991849899
252,panel1_NVR_ch1_jpg_20230417171300.jpg,1.978956198911419e-06,5.778924787591677e-05,95.21524906158447,0.7866844534873962,3.9980150759220123
253,panel1_NVR_ch1_jpg_20230417171400.jpg,1.5137370468210065e-06,0.000390954392059939,93.00215244293213,0.7503303699195385,6.247116252779961
254,panel1_NVR_ch1_jpg_20230417171600.jpg,1.6442345440736972e-05,0.0005256648364593275,78.60254049301147,8.793026953935623,12.603883445262909
255,panel1_NVR_ch1_jpg_20230417171700.jpg,8.36512583646254e-06,0.0001400911628479662,80.67586421966553,8.866586536169052,10.457396507263184
256,panel1_NVR_ch1_jpg_20230417171800.jpg,9.183506399779162e-07,5.192036951484624e-05,92.16093420982361,3.1484339386224747,4.690580815076828
257,panel1_NVR_ch1_jpg_20230417172000.jpg,2.693509593143517e-06,0.0003004528934980044,94.24573183059692,0.9921427816152573,4.761820286512375
258,panel1_NVR_ch1_jpg_20230417172100.jpg,6.5290443274079735e-06,0.00097610736702336,92.56377816200256,0.6466560531407595,6.788577884435654
259,panel1_NVR_ch1_jpg_20230417172200.jpg,5.673880920653573e-06,0.0019554023310774937,94.30244565010071,0.5684185307472944,5.1271747797727585
260,panel1_NVR_ch1_jpg_20230417172500.jpg,7.028733648439811e-05,0.006047094211680815,72.9607343673706,14.44329023361206,12.589862942695618
261,panel1_NVR_ch1_jpg_20230417172400.jpg,7.991316124389414e-05,0.02002681139856577,81.67675137519836,4.132085666060448,14.17105346918106
262,panel1_NVR_ch1_jpg_20230417172600.jpg,8.24118160380749e-05,0.004991822424926795,83.79005789756775,4.707686230540276,11.49718090891838
263,panel1_NVR_ch1_jpg_20230417172800.jpg,9.988065130528412e-05,0.002515542473702226,81.28964900970459,3.4017082303762436,15.306022763252258
264,panel1_NVR_ch1_jpg_20230417172900.jpg,5.205404249863932e-05,0.0018627468307386152,84.08859968185425,3.1335853040218353,12.77589201927185
265,panel1_NVR_ch1_jpg_20230417173000.jpg,2.917681740655098e-05,0.001379457717121113,81.66921734809875,5.334548279643059,12.994825839996338
266,panel1_NVR_ch1_jpg_20230417173300.jpg,6.272932040474188e-06,0.0002841038394763018,86.14025712013245,6.650868058204651,7.208583503961563
267,panel1_NVR_ch1_jpg_20230417173400.jpg,2.655592723499467e-06,0.00011555293895071372,90.04354476928711,4.961609467864037,4.994725808501244
268,panel1_NVR_ch1_jpg_20230417173500.jpg,5.808933778439496e-07,5.4711051689082524e-05,93.9098060131073,3.4614551812410355,2.6286758482456207
269,panel1_NVR_ch1_jpg_20230424092300.jpg,7.792194622879833e-06,0.008456907380605116,96.96022868156433,2.544254995882511,0.4870605655014515
270,panel1_NVR_ch1_jpg_20230424092400.jpg,4.635161943156163e-06,0.0068520603235810995,97.1532940864563,2.450474351644516,0.38936419878154993
271,panel1_NVR_ch1_jpg_20230424092500.jpg,2.9669443790680816e-06,0.0046230412408476695,96.99718952178955,2.699868008494377,0.2983157988637686
272,panel1_NVR_ch1_jpg_20230424092700.jpg,9.29570820318304e-07,0.0038657821278320625,97.51673340797424,2.291245758533478,0.18815009389072657
273,panel1_NVR_ch1_jpg_20230424092800.jpg,1.7838141630477367e-06,0.005407238131738268,96.82111740112305,2.952629327774048,0.2208368619903922
274,panel1_NVR_ch1_jpg_20230424092900.jpg,2.786214814420873e-06,0.007174041093094274,96.48629426956177,3.2491981983184814,0.25733825750648975
275,panel1_NVR_ch1_jpg_20230424093100.jpg,1.4306255735618834e-06,0.008256014552898705,98.1320321559906,1.6777031123638153,0.1819982659071684
276,panel1_NVR_ch1_jpg_20230424093200.jpg,2.8533257534490986e-06,0.008588155469624326,98.28703999519348,1.477134320884943,0.22722939029335976
277,panel1_NVR_ch1_jpg_20230424093300.jpg,2.1747412759509643e-06,0.00587459398957435,98.14638495445251,1.654071919620037,0.193667970597744
278,panel1_NVR_ch1_jpg_20230424093500.jpg,1.7008417785291385e-06,0.0076423682912718505,98.3435571193695,1.447379495948553,0.2014202531427145
279,panel1_NVR_ch1_jpg_20230424093600.jpg,9.844161041883126e-07,0.0071773145464248955,98.7835705280304,1.0453344322741032,0.16391952522099018
280,panel1_NVR_ch1_jpg_20230424093700.jpg,3.8821243997233523e-07,0.003574778020265512,98.77418279647827,1.1167152784764767,0.10552206076681614
281,panel1_NVR_ch1_jpg_20230424093900.jpg,9.866578665196357e-07,0.0058478621212998405,98.56666922569275,1.2587586417794228,0.16871510306373239
282,panel1_NVR_ch1_jpg_20230424094000.jpg,7.379154620679174e-07,0.006563150236615911,99.15450811386108,0.6611248012632132,0.17781466012820601
283,panel1_NVR_ch1_jpg_20230424094100.jpg,2.8216369241107486e-07,0.005922433774685487,99.40255880355835,0.4339187406003475,0.15759709058329463
284,panel1_NVR_ch1_jpg_20230424094300.jpg,2.407100296863973e-07,0.0055217322369571775,99.38200116157532,0.4449745640158653,0.16750385984778404
285,panel1_NVR_ch1_jpg_20230424094400.jpg,4.023327448976488e-07,0.008135465759551153,99.3417739868164,0.409529497846961,0.2405622275546193
286,panel1_NVR_ch1_jpg_20230424094700.jpg,7.272694446669448e-07,0.006751857290510088,98.83841276168823,0.8246240206062794,0.3302107332274318
287,panel1_NVR_ch1_jpg_20230424094800.jpg,3.789727642811158e-07,0.00422164739575237,98.94025325775146,0.8289962075650692,0.22652882616966963
288,panel1_NVR_ch1_jpg_20230424094500.jpg,2.110307484315399e-07,0.006649817078141496,99.40598011016846,0.40092901326715946,0.1864426420070231
289,panel1_NVR_ch1_jpg_20230424094900.jpg,1.3421785904910166e-07,0.0021448628103826195,99.0078330039978,0.8497384376823902,0.1402882393449545
290,panel1_NVR_ch1_jpg_20230424095100.jpg,8.705796084029771e-07,0.0035836626921081915,97.98989295959473,1.7301512882113457,0.2763701369985938
291,panel1_NVR_ch1_jpg_20230424095200.jpg,6.89515666785212e-08,0.0010218720490229316,98.11633229255676,1.8045488744974136,0.0780989183112979
292,panel1_NVR_ch1_jpg_20230424095300.jpg,2.100397189508385e-07,0.0013137696441845037,97.37384915351868,2.5270819664001465,0.0977627350948751
293,panel1_NVR_ch1_jpg_20230424095500.jpg,4.533159181363544e-07,0.002683250386326108,97.49611020088196,2.359403111040592,0.14179967110976577
294,panel1_NVR_ch1_jpg_20230424095600.jpg,1.3031981715982965e-06,0.006281107198446989,98.55839014053345,1.2025089003145695,0.23281893227249384
295,panel1_NVR_ch1_jpg_20230424095700.jpg,1.4336159814831717e-06,0.006646605470450595,98.65859746932983,1.1052526533603668,0.22949944250285625
296,panel1_NVR_ch1_jpg_20230424095900.jpg,4.953697452236838e-07,0.015845846792217344,99.31504130363464,0.3983149304986,0.2708028769120574
297,panel1_NVR_ch1_jpg_20230424100000.jpg,7.580556626862744e-07,0.017532901256345212,99.298495054245,0.39379564113914967,0.29017655178904533
298,panel1_NVR_ch1_jpg_20230424100100.jpg,1.6069074959546015e-06,0.02813314786180854,99.11415576934814,0.4300539381802082,0.427656015381217
299,panel1_NVR_ch1_jpg_20230424100300.jpg,2.486431149861801e-06,0.026126080774702132,98.78088235855103,0.6768932566046715,0.5160996224731207
300,panel1_NVR_ch1_jpg_20230424100400.jpg,1.5355015037243902e-06,0.01808542147045955,99.03380274772644,0.5561508238315582,0.3919638693332672
301,panel1_NVR_ch1_jpg_20230424100500.jpg,1.2274738558915033e-06,0.014820360229350626,99.05809760093689,0.579825509339571,0.34726064186543226
302,panel1_NVR_ch1_jpg_20230424100700.jpg,1.2950975403214215e-06,0.01572339388076216,98.8192617893219,0.7476667873561382,0.41734604164958
303,panel1_NVR_ch1_jpg_20230424100800.jpg,2.474352100989563e-06,0.02932610805146396,98.58134388923645,0.6939930841326714,0.6953230127692223
304,panel1_NVR_ch1_jpg_20230424100900.jpg,5.5122299613685755e-06,0.031120979110710323,97.74270057678223,1.1117871850728989,1.114389393478632
305,panel1_NVR_ch1_jpg_20230424101100.jpg,4.930113561840699e-06,0.017718225717544556,97.4189817905426,1.750260777771473,0.8130396716296673
306,panel1_NVR_ch1_jpg_20230424101200.jpg,1.3548293509302312e-05,0.01895025052363053,95.28304934501648,3.350166603922844,1.3478227891027927
307,panel1_NVR_ch1_jpg_20230424101500.jpg,2.651624342320247e-06,0.0024648619728395715,96.32865190505981,3.472450003027916,0.1964265713468194
308,panel1_NVR_ch1_jpg_20230424101300.jpg,1.8445544469614106e-05,0.01013712098938413,92.76159405708313,6.099642440676689,1.1286064982414246
309,panel1_NVR_ch1_jpg_20230424101600.jpg,1.3293433909211672e-06,0.0047091420128708705,98.6724317073822,1.1608146131038666,0.1620420371182263
310,panel1_NVR_ch1_jpg_20230424101700.jpg,5.990491658280916e-07,0.004273164086043835,99.45046305656433,0.408375496044755,0.13687792234122753
311,panel1_NVR_ch1_jpg_20230424101900.jpg,8.125418560211983e-07,0.005873583722859621,99.68603849411011,0.15585466753691435,0.1522404607385397
312,panel1_NVR_ch1_jpg_20230424102000.jpg,1.3603227877467816e-06,0.006755332287866622,99.6755301952362,0.15026137698441744,0.16745690954849124
313,panel1_NVR_ch1_jpg_20230424102100.jpg,7.663135903612783e-07,0.0053217594540910795,99.70871806144714,0.1484213164076209,0.13752945233136415
314,panel1_NVR_ch1_jpg_20230424102300.jpg,1.1018090440018113e-06,0.011130577331641689,99.46045279502869,0.36218154709786177,0.1662296592257917
315,panel1_NVR_ch1_jpg_20230424102400.jpg,4.925926777588074e-07,0.005613611938315444,99.35758709907532,0.5243444815278053,0.1124449074268341
316,panel1_NVR_ch1_jpg_20230424102500.jpg,2.029932222313846e-07,0.003698074579006061,99.3431031703949,0.5689164157956839,0.08428022847510874
317,panel1_NVR_ch1_jpg_20230424102700.jpg,1.2102668867086663e-07,0.0015971669199643657,98.86587262153625,1.0546054691076279,0.07792321848683059
318,panel1_NVR_ch1_jpg_20230424102800.jpg,2.8935265294904866e-07,0.003603092409321107,99.00360107421875,0.8475290611386299,0.1452663680538535
319,panel1_NVR_ch1_jpg_20230424102900.jpg,1.2797102266759453e-07,0.002686871994228568,99.25594329833984,0.645721610635519,0.09565302170813084
320,panel1_NVR_ch1_jpg_20230424103100.jpg,9.542534540329939e-08,0.0020904746634187177,99.39796924591064,0.5257791373878717,0.07415903965011239
321,panel1_NVR_ch1_jpg_20230424103200.jpg,1.2945066130143346e-07,0.000961548175837379,98.98468852043152,0.9558421559631824,0.0584990659262985
322,panel1_NVR_ch1_jpg_20230424103300.jpg,3.342234489167595e-07,0.0010645547263266053,98.71477484703064,1.2088628485798836,0.07530111470259726
323,panel1_NVR_ch1_jpg_20230424103500.jpg,3.130166348341845e-07,0.0012417858670232818,99.0078330039978,0.9296472184360027,0.061278161592781544
324,panel1_NVR_ch1_jpg_20230424103600.jpg,3.526042346990721e-07,0.001557543691887986,99.2463231086731,0.682049710303545,0.07006507948972285
325,panel1_NVR_ch1_jpg_20230424103700.jpg,2.538475651903127e-07,0.0014274895875132643,99.45352077484131,0.48207947984337807,0.06297403597272933
326,panel1_NVR_ch1_jpg_20230424103900.jpg,6.686877718209416e-08,0.0007957473826536443,99.73008036613464,0.22880015894770622,0.04032280412502587
327,panel1_NVR_ch1_jpg_20230424104000.jpg,5.819835724452105e-08,0.0008453208465653006,99.82705116271973,0.1282946323044598,0.04380716127343476
328,panel1_NVR_ch1_jpg_20230424104100.jpg,7.993266049055592e-08,0.0009748800039233174,99.82342720031738,0.1256501069292426,0.04994025221094489
329,panel1_NVR_ch1_jpg_20230424134600.jpg,0.0008971867828222457,17.17536151409149,26.49078369140625,49.069491028785706,7.263465970754623
330,panel1_NVR_ch1_jpg_20230424134700.jpg,0.0007287314929271815,17.655691504478455,4.387136548757553,74.32224750518799,3.6341913044452667
331,panel1_NVR_ch1_jpg_20230424134800.jpg,0.0001229447320838517,0.10435343720018864,8.378739655017853,90.33756256103516,1.1792253702878952
332,panel1_NVR_ch1_jpg_20230424135000.jpg,6.0566105730686104e-05,0.10028606047853827,23.777392506599426,75.13761520385742,0.9846537373960018
333,panel1_NVR_ch1_jpg_20230424135100.jpg,5.6725718877714826e-05,0.3001004224643111,51.907819509506226,46.14306390285492,1.6489556059241295
334,panel1_NVR_ch1_jpg_20230424135200.jpg,0.00010528127631914685,0.47358060255646706,31.600582599639893,65.76552391052246,2.160210534930229
335,panel1_NVR_ch1_jpg_20230424135400.jpg,2.481093019923719e-05,0.06434471579268575,83.77891778945923,15.260331332683563,0.8963829837739468
336,panel1_NVR_ch1_jpg_20230424135500.jpg,4.810306108993245e-05,0.08978242403827608,66.30908250808716,31.942617893218994,1.6584716737270355
337,panel1_NVR_ch1_jpg_20230424135600.jpg,1.9950608987073792e-05,0.4461177624762058,92.42761135101318,5.0518520176410675,2.074405364692211
338,panel1_NVR_ch1_jpg_20230424135800.jpg,1.0158669283555355e-05,18.535903096199036,56.63301348686218,20.412559807300568,4.41850982606411
339,panel1_NVR_ch1_jpg_20230424135900.jpg,2.8996561241001473e-05,0.5520530976355076,65.66236019134521,30.916786193847656,2.8687695041298866
340,panel1_NVR_ch1_jpg_20230424140000.jpg,4.481178983439804e-07,0.004421919948072173,96.39837741851807,3.325137123465538,0.27206079103052616
341,panel1_NVR_ch1_jpg_20230424140200.jpg,5.566047889260517e-05,0.015444238670170307,91.31788611412048,8.170898258686066,0.49571339040994644
342,panel1_NVR_ch1_jpg_20230424140300.jpg,0.0002197569756390294,0.026864270330406725,89.8641586303711,9.453732520341873,0.6550281774252653
343,panel1_NVR_ch1_jpg_20230424140400.jpg,0.0002006662043640972,0.06960107129998505,93.73188614845276,5.099921673536301,1.0983949527144432
344,panel1_NVR_ch1_jpg_20230424140600.jpg,4.1794154981289466e-05,0.050113542238250375,94.7931170463562,4.321520775556564,0.8352061733603477
345,panel1_NVR_ch1_jpg_20230424140700.jpg,2.6970857902597345e-05,0.04635807708837092,94.5835530757904,4.601991176605225,0.7680664770305157
346,panel1_NVR_ch1_jpg_20230424140800.jpg,3.1249098242369655e-05,0.02089230838464573,96.67968153953552,2.089020051062107,1.210374291986227
347,panel1_NVR_ch1_jpg_20230424141000.jpg,6.331902113743126e-06,0.041651082574389875,96.15520238876343,3.1328756362199783,0.6702568847686052
348,panel1_NVR_ch1_jpg_20230424141100.jpg,4.121408778701152e-05,0.05203958135098219,37.24307119846344,61.59251928329468,1.1123205535113811
349,panel1_NVR_ch1_jpg_20230424141200.jpg,0.00022192637061380083,0.3726955968886614,18.59847456216812,79.80379462242126,1.2248069047927856
350,panel1_NVR_ch1_jpg_20230424141400.jpg,0.015995562716852874,0.21908602211624384,3.346830978989601,92.63705015182495,3.7810347974300385
351,panel1_NVR_ch1_jpg_20230424141500.jpg,0.003308019950054586,0.0388191343517974,5.342709645628929,92.91288256645203,1.7022822052240372
352,panel1_NVR_ch1_jpg_20230424141600.jpg,0.005586394036072306,0.9366358630359173,29.73160147666931,63.64482045173645,5.681359022855759
353,panel1_NVR_ch1_jpg_20230424141900.jpg,0.0027521440642885864,6.597699224948883,75.23180842399597,8.512820303440094,9.654919058084488
354,panel1_NVR_ch1_jpg_20230424142100.jpg,0.002200397830165457,4.012551158666611,62.39454746246338,21.920648217201233,11.670053750276566
355,panel1_NVR_ch1_jpg_20230424142000.jpg,0.001896478897833731,4.1644226759672165,73.9356517791748,13.171149790287018,8.726882189512253
356,panel1_NVR_ch1_jpg_20230424142300.jpg,0.006246888369787484,0.8270916528999805,74.74250793457031,10.510899871587753,13.913246989250183
357,panel1_NVR_ch1_jpg_20230424142400.jpg,0.0007110868409654358,1.2982847169041634,83.35292339324951,5.809125304222107,9.538961201906204
358,panel1_NVR_ch1_jpg_20230424142500.jpg,3.120900089470524e-05,0.19953197333961725,83.09997320175171,12.939311563968658,3.7611596286296844
359,panel1_NVR_ch1_jpg_20230424142700.jpg,0.0001149424974755675,0.3635226283222437,17.50362366437912,80.66433668136597,1.4684021472930908
360,panel1_NVR_ch1_jpg_20230424142800.jpg,7.774251571390778e-05,0.03922938776668161,9.55439880490303,89.8718535900116,0.5344416946172714
361,panel1_NVR_ch1_jpg_20230424142900.jpg,0.0007559454388683662,0.5200889427214861,9.731553494930267,88.01416158676147,1.7334280535578728
362,panel1_NVR_ch1_jpg_20230424143100.jpg,5.6411380455756444e-05,0.2805718220770359,7.032941281795502,90.69104790687561,1.9953859969973564
363,panel1_NVR_ch1_jpg_20230424143200.jpg,5.3067914507209935e-06,0.5625011865049601,11.302482336759567,86.2088680267334,1.9261425361037254
364,panel1_NVR_ch1_jpg_20230424143300.jpg,7.645294175517847e-06,0.7996783591806889,72.03681468963623,24.05184805393219,3.111649863421917
365,panel1_NVR_ch1_jpg_20230424143400.jpg,0.0006422556907637045,4.030056670308113,19.7818785905838,68.51767301559448,7.669753581285477
366,panel1_NVR_ch1_jpg_20230424143500.jpg,0.00045013557610218413,1.467742957174778,27.068230509757996,65.49456715583801,5.969011038541794
367,panel1_NVR_ch1_jpg_20230424143600.jpg,0.0009672704436525237,0.802852213382721,47.865670919418335,41.543254256248474,9.787257760763168
368,panel1_NVR_ch1_jpg_20230424143800.jpg,0.002068529647658579,0.0729808583855629,3.902318701148033,94.16891932487488,1.8537143245339394
369,panel1_NVR_ch1_jpg_20230424143900.jpg,0.000738021481083706,0.019867556693498045,0.52840206772089,99.0239143371582,0.42708092369139194
370,panel1_NVR_ch1_jpg_20230424144000.jpg,0.000544785279998905,0.02824438561219722,0.7727206684648991,98.72556924819946,0.47291587106883526
371,panel1_NVR_ch1_jpg_20230424144200.jpg,8.007462071191185e-06,0.19660154357552528,5.8385249227285385,93.28016638755798,0.684700021520257
372,panel1_NVR_ch1_jpg_20230424144300.jpg,6.210815683971305e-06,0.5380488932132721,12.379136681556702,86.57832741737366,0.5044808145612478
373,panel1_NVR_ch1_jpg_20230424144400.jpg,4.116927598829534e-06,0.6450856570154428,24.739529192447662,73.95986914634705,0.6555217783898115
374,panel1_NVR_ch1_jpg_20230424144600.jpg,1.0327151578337634e-06,0.3557658987119794,50.15381574630737,49.077555537223816,0.41286018677055836
375,panel1_NVR_ch1_jpg_20230424144700.jpg,3.338232801297636e-06,1.7856452614068985,38.29952776432037,58.43378305435181,1.4810438267886639
376,panel1_NVR_ch1_jpg_20230424144800.jpg,1.7382827621759134e-06,0.9304971434175968,80.81285357475281,16.602008044719696,1.654631830751896
377,panel1_NVR_ch1_jpg_20230424145000.jpg,8.700383524740118e-07,4.162368923425674,18.06465983390808,76.66560411453247,1.107356697320938
378,panel1_NVR_ch1_jpg_20230424145100.jpg,1.4407872228616725e-06,4.246895387768745,58.917033672332764,35.140591859817505,1.6954783350229263
379,panel1_NVR_ch1_jpg_20230424145200.jpg,8.936964057681962e-07,2.091721072793007,68.29949617385864,28.567883372306824,1.040893793106079
380,panel1_NVR_ch1_jpg_20230424145400.jpg,2.5477000509255276e-07,0.06560550536960363,82.90083408355713,16.50140881538391,0.5321407224982977
381,panel1_NVR_ch1_jpg_20230424145500.jpg,5.388308688125676e-08,0.025090150302276015,90.8731997013092,8.769803494215012,0.33190285321325064
382,panel1_NVR_ch1_jpg_20230424145600.jpg,1.132261021052905e-08,0.007012505375314504,88.17009925842285,11.68544515967369,0.1374440616928041
383,panel1_NVR_ch1_jpg_20230424145900.jpg,2.2455594328452122e-08,0.011455533240223303,98.57175350189209,1.2500979006290436,0.16669187461957335
384,panel1_NVR_ch1_jpg_20230424145800.jpg,2.269954918476813e-08,0.004254771556588821,98.59715104103088,1.2876377440989017,0.1109539414756
385,panel1_NVR_ch1_jpg_20230424150000.jpg,1.231708623983252e-08,0.018858909606933594,98.73106479644775,1.1164374649524689,0.13363466132432222
386,panel1_NVR_ch1_jpg_20230424150200.jpg,1.7139992758430367e-07,0.00380895689886529,97.81870245933533,2.0635459572076797,0.11394049506634474
387,panel1_NVR_ch1_jpg_20230424150300.jpg,8.563977305087178e-08,0.0017865313566289842,99.33504462242126,0.6096896715462208,0.05347698461264372
388,panel1_NVR_ch1_jpg_20230424150400.jpg,3.329994890943766e-08,0.0010926425602519885,99.57267045974731,0.3952388186007738,0.03100754984188825
389,panel1_NVR_ch1_jpg_20230424163800.jpg,8.342600921196208e-06,0.0068570952862501144,97.97899723052979,0.2174503169953823,1.7966892570257187
390,panel1_NVR_ch1_jpg_20230424163900.jpg,4.4943668342511955e-06,0.0030740706279175356,98.32487106323242,0.21691294386982918,1.4551407657563686
391,panel1_NVR_ch1_jpg_20230424164000.jpg,3.010728377716987e-06,0.001779984995664563,98.55690598487854,0.267630023881793,1.1736794374883175
392,panel1_NVR_ch1_jpg_20230424164200.jpg,3.08459924269755e-06,0.004150922904955223,97.26306796073914,0.8767079561948776,1.8560703843832016
393,panel1_NVR_ch1_jpg_20230424164300.jpg,7.527344081381671e-07,0.0041446004615863785,98.66824150085449,0.38597972597926855,0.9416352957487106
394,panel1_NVR_ch1_jpg_20230424164400.jpg,1.616780487267988e-06,0.007087570702424273,98.26662540435791,0.49053789116442204,1.2357549741864204
395,panel1_NVR_ch1_jpg_20230424164600.jpg,4.623397664715867e-07,0.0009046464583661873,99.01599287986755,0.36205246578902006,0.621046032756567
396,panel1_NVR_ch1_jpg_20230424164700.jpg,1.676417005214148e-07,0.0005108475761517184,99.44315552711487,0.19793848041445017,0.35840149503201246
397,panel1_NVR_ch1_jpg_20230424164800.jpg,4.788285323797936e-08,0.0004978422111889813,99.67323541641235,0.10799251031130552,0.21827397868037224
398,panel1_NVR_ch1_jpg_20230424165000.jpg,7.732248730185631e-08,0.0028324640879873186,99.39363598823547,0.1368359662592411,0.46669384464621544
399,panel1_NVR_ch1_jpg_20230424165100.jpg,1.9357930536312296e-08,0.0010682074389478657,99.44040775299072,0.25949166156351566,0.2990398555994034
400,panel1_NVR_ch1_jpg_20230424165200.jpg,8.258011496842244e-08,0.001522140792076243,97.2219705581665,2.102646790444851,0.673861475661397
401,panel1_NVR_ch1_jpg_20230424165400.jpg,1.3023506717502187e-07,0.000384274244424887,90.10360836982727,9.040265530347824,0.8557352237403393
402,panel1_NVR_ch1_jpg_20230424165500.jpg,1.7416743602893803e-06,0.00034564113775559235,69.94996666908264,27.91105806827545,2.138618566095829
403,panel1_NVR_ch1_jpg_20230424165600.jpg,9.162354785985372e-06,0.00011362770919731702,33.40556621551514,64.75955843925476,1.834750734269619
404,panel1_NVR_ch1_jpg_20230424165800.jpg,2.4222137184892745e-06,7.051445436445647e-05,72.59308099746704,25.789692997932434,1.6171539202332497
405,panel1_NVR_ch1_jpg_20230424165900.jpg,1.2936425264342688e-06,9.77485797193367e-05,89.82585072517395,8.515869081020355,1.6581857576966286
406,panel1_NVR_ch1_jpg_20230424170000.jpg,4.5893178146627633e-07,9.402606906405708e-05,94.55870389938354,4.180324450135231,1.2608877383172512
407,panel1_NVR_ch1_jpg_20230424170200.jpg,2.5229771050128136e-08,0.00013195746078054071,99.17289614677429,0.23786481469869614,0.5891046952456236
408,panel1_NVR_ch1_jpg_20230424170300.jpg,1.9458874789268776e-08,0.00028865053991466993,99.36378598213196,0.16742430161684752,0.46849967911839485
409,panel1_NVR_ch1_jpg_20230424170400.jpg,6.348037095982306e-08,0.001400995006406447,99.0983247756958,0.1456555793993175,0.7546235341578722
410,panel1_NVR_ch1_jpg_20230424170600.jpg,9.222954844290143e-07,0.011979421105934307,98.8469660282135,0.28175683692097664,0.8593018166720867
411,panel1_NVR_ch1_jpg_20230424170700.jpg,2.5881110587988587e-06,0.03399660054128617,97.72011041641235,0.44229128398001194,1.8035952001810074
412,panel1_NVR_ch1_jpg_20230424170800.jpg,2.100024154572111e-06,0.013732594379689544,97.18618392944336,0.8375870995223522,1.9624937325716019
413,panel1_NVR_ch1_jpg_20230424171000.jpg,1.0367467950800346e-05,0.007889663538662717,89.39879536628723,7.241722196340561,3.3515844494104385
414,panel1_NVR_ch1_jpg_20230424171100.jpg,1.3398984144430415e-06,0.003493760959827341,95.82986235618591,2.9150234535336494,1.2516113929450512
415,panel1_NVR_ch1_jpg_20230424171200.jpg,1.529863902227646e-07,0.0030553324904758483,98.21062088012695,1.3230694457888603,0.4632599651813507
416,panel1_NVR_ch1_jpg_20230424171400.jpg,2.275534483064945e-08,0.005221575702307746,92.49001741409302,7.3229096829891205,0.18184108193963766
417,panel1_NVR_ch1_jpg_20230424171500.jpg,5.604844144357912e-07,0.002264751856273506,83.16812515258789,16.600301861763,0.2293070312589407
418,panel1_NVR_ch1_jpg_20230424171600.jpg,6.257025564337937e-07,0.000329372755913937,79.0321409702301,20.786812901496887,0.18071967642754316
419,panel1_NVR_ch1_jpg_20230424171800.jpg,1.807149274668518e-06,0.00018886364614445483,61.18159294128418,38.650333881378174,0.16788472421467304
420,panel1_NVR_ch1_jpg_20230424171900.jpg,6.663277929419564e-06,0.0009814919394557364,88.46385478973389,11.105915904045105,0.4292507190257311
421,panel1_NVR_ch1_jpg_20230424172000.jpg,1.9745692725336994e-05,0.0015339250239776447,96.3222324848175,2.3491274565458298,1.3270781375467777
422,panel1_NVR_ch1_jpg_20230424172200.jpg,9.0577671585379e-06,0.0002616203573779785,93.59434843063354,1.25001547858119,5.155361443758011
423,panel1_NVR_ch1_jpg_20230424172300.jpg,6.358384752047641e-06,0.00014831822454652865,91.23803377151489,1.86113640666008,6.9006770849227905
424,panel1_NVR_ch1_jpg_20230424172400.jpg,7.252015876701989e-07,6.11028838193306e-05,94.78026628494263,1.5326817519962788,3.6869872361421585
425,panel1_NVR_ch1_jpg_20230424172600.jpg,4.136539374921533e-09,4.8910745675811995e-06,98.91968369483948,0.8001528680324554,0.28015749994665384
426,panel1_NVR_ch1_jpg_20230424172700.jpg,1.0699961749960352e-09,2.0609567386031813e-06,99.63685274124146,0.23656978737562895,0.12657527113333344
427,panel1_NVR_ch1_jpg_20230424172800.jpg,4.994915613933115e-11,9.539954604065315e-07,99.8905897140503,0.08042888366617262,0.028987828409299254
428,panel1_NVR_ch1_jpg_20230424173000.jpg,1.6091441711618974e-13,2.8441036192816682e-06,99.99409914016724,0.004020002961624414,0.0018788994566421025
429,panel1_NVR_ch1_jpg_20230424173200.jpg,1.894043597091763e-11,0.00023701159079791978,99.95872378349304,0.030920247081667185,0.010121196100953966
430,panel1_NVR_ch1_jpg_20230424173100.jpg,1.27976124299602e-12,4.17082389958523e-05,99.98372793197632,0.01146304712165147,0.004768098369822837
431,panel1_NVR_ch1_jpg_20230424173400.jpg,1.3459422465444959e-08,0.018798345990944654,98.78212809562683,1.0544254444539547,0.14465859858319163
432,panel1_NVR_ch1_jpg_20230424173500.jpg,6.138218267004447e-08,0.2254130318760872,92.39272475242615,6.98092058300972,0.4009498283267021
433,panel1_NVR_ch1_jpg_20230424173600.jpg,4.0236991516451326e-07,0.1032354193739593,92.76120066642761,6.457016617059708,0.6785356439650059
434,panel1_NVR_ch1_jpg_20230424173800.jpg,9.63854560609434e-06,0.36655685398727655,45.4615980386734,52.35294699668884,1.8188854679465294
435,panel1_NVR_ch1_jpg_20230424173900.jpg,8.007623364392202e-06,0.10038538603112102,33.490318059921265,65.34221172332764,1.0670775547623634
436,panel1_NVR_ch1_jpg_20230424174000.jpg,2.134183318958094e-06,0.041106989374384284,75.95803737640381,23.433807492256165,0.5670490674674511
437,panel1_NVR_ch1_jpg_20230424174200.jpg,1.2310253261205162e-06,0.5186111200600863,86.00387573242188,12.698331475257874,0.7791869342327118
438,panel1_NVR_ch1_jpg_20230424174300.jpg,5.776740419349835e-07,0.7562754210084677,81.78879618644714,16.845977306365967,0.6089567206799984
439,panel1_NVR_ch1_jpg_20230424174400.jpg,4.512110862719965e-06,0.5861716810613871,68.98621320724487,29.132264852523804,1.2953507713973522
440,panel1_NVR_ch1_jpg_20230424174700.jpg,3.6910836342940456e-05,0.1822404796257615,34.80408787727356,62.81411051750183,2.1995175629854202
441,panel1_NVR_ch1_jpg_20230424174800.jpg,6.436142712118453e-05,0.27446409221738577,27.888068556785583,67.73828864097595,4.09911647439003
442,panel1_NVR_ch1_jpg_20230424174900.jpg,5.8833779803535435e-05,0.17728114034980536,15.584741532802582,80.90448379516602,3.333442285656929
443,panel1_NVR_ch1_jpg_20230501091300.jpg,4.076677188277245,0.0008307152711495291,1.24059421941638,3.9311517030000687,90.7507598400116
444,panel1_NVR_ch1_jpg_20230501091400.jpg,3.582870587706566,0.0010112945346918423,1.2994321063160896,4.0558066219091415,91.06087684631348
445,panel1_NVR_ch1_jpg_20230501091500.jpg,3.802376613020897,0.0010564410331426188,1.537252590060234,3.989928588271141,90.66937565803528
446,panel1_NVR_ch1_jpg_20230501091700.jpg,3.9967790246009827,0.0013005180335312616,1.9370347261428833,4.65041920542717,89.41447138786316
447,panel1_NVR_ch1_jpg_20230501091800.jpg,3.978212922811508,0.0017723396013025194,1.8136508762836456,4.064223542809486,90.1421308517456
448,panel1_NVR_ch1_jpg_20230501091900.jpg,3.29497791826725,0.0012778180462191813,1.6349006444215775,3.6518268287181854,91.41701459884644
449,panel1_NVR_ch1_jpg_20230501092100.jpg,3.8238830864429474,0.0011642204299278092,1.2890269048511982,3.241836652159691,91.64407849311829
450,panel1_NVR_ch1_jpg_20230501092200.jpg,2.6177026331424713,0.0014713306882185861,1.4020035043358803,2.601906843483448,93.3769166469574
451,panel1_NVR_ch1_jpg_20230501092300.jpg,2.105286531150341,0.0014587166333512869,1.4570907689630985,2.0556705072522163,94.38050389289856
452,panel1_NVR_ch1_jpg_20230501092500.jpg,1.577167585492134,0.0016045201846281998,1.503383181989193,1.8918951973319054,95.02594470977783
453,panel1_NVR_ch1_jpg_20230501092600.jpg,1.5266742557287216,0.0015432284271810204,1.6759440302848816,1.8861081451177597,94.90973353385925
454,panel1_NVR_ch1_jpg_20230501092700.jpg,2.6696328073740005,0.0028782238587155007,1.9481692463159561,2.2540727630257607,93.12524795532227
455,panel1_NVR_ch1_jpg_20230501092900.jpg,1.9684508442878723,0.0033493288356112316,1.9491186365485191,2.808142639696598,93.27093362808228
456,panel1_NVR_ch1_jpg_20230501093000.jpg,3.6910422146320343,0.004500048817135394,2.389988861978054,3.261418640613556,90.6530499458313
457,panel1_NVR_ch1_jpg_20230501093100.jpg,1.9445426762104034,0.0077996628533583134,4.306270554661751,4.237768054008484,89.50361609458923
458,panel1_NVR_ch1_jpg_20230501093300.jpg,2.143118716776371,0.005134175444254652,3.247573599219322,5.617170035839081,88.98700475692749
459,panel1_NVR_ch1_jpg_20230501093400.jpg,2.3634934797883034,0.0060670125094475225,4.841996729373932,11.667069792747498,81.1213731765747
460,panel1_NVR_ch1_jpg_20230501093500.jpg,2.9202252626419067,0.0033033593354048207,3.5158880054950714,15.015478432178497,78.54510545730591
461,panel1_NVR_ch1_jpg_20230501093700.jpg,1.9082672894001007,0.00257763695117319,4.206776991486549,24.649733304977417,69.23264861106873
462,panel1_NVR_ch1_jpg_20230501093800.jpg,1.7168477177619934,0.0020571906134136952,4.441140219569206,30.470871925354004,63.369083404541016
463,panel1_NVR_ch1_jpg_20230501093900.jpg,1.927853561937809,0.0019198898371541873,3.8160745054483414,29.036855697631836,65.21729826927185
464,panel1_NVR_ch1_jpg_20230501094100.jpg,1.8243391066789627,0.002702036545088049,1.6899986192584038,8.248399943113327,88.23456168174744
465,panel1_NVR_ch1_jpg_20230501094200.jpg,1.1230035685002804,0.0017855603800853714,1.6065185889601707,5.330090224742889,91.93860292434692
466,panel1_NVR_ch1_jpg_20230501094300.jpg,0.33741132356226444,0.0011536944839463104,2.6586415246129036,2.6656512171030045,94.33713555335999
467,panel1_NVR_ch1_jpg_20230501094600.jpg,0.08175569237209857,0.0027761752789956518,1.7592472955584526,0.6805617362260818,97.47565984725952
468,panel1_NVR_ch1_jpg_20230501094700.jpg,0.11388389393687248,0.0031713072530692443,1.5546241775155067,1.654866524040699,96.6734528541565
469,panel1_NVR_ch1_jpg_20230501094500.jpg,0.09199787746183574,0.0012661143045988865,1.6038021072745323,0.5259507801383734,97.77697920799255
470,panel1_NVR_ch1_jpg_20230501094900.jpg,0.4360583610832691,0.03715568163897842,2.408469095826149,5.124961584806442,91.9933557510376
471,panel1_NVR_ch1_jpg_20230501095000.jpg,0.5497003439813852,0.03538774908520281,3.062618151307106,14.89686518907547,81.45542740821838
472,panel1_NVR_ch1_jpg_20230501095100.jpg,0.3742010798305273,0.03906810889020562,3.5264648497104645,26.425698399543762,69.6345567703247
473,panel1_NVR_ch1_jpg_20230501095300.jpg,0.1438129344023764,0.02340318023925647,4.0703184902668,51.50654911994934,44.2559152841568
474,panel1_NVR_ch1_jpg_20230501095400.jpg,0.09177441825158894,0.019818330474663526,4.142763465642929,61.36587858200073,34.37976539134979
475,panel1_NVR_ch1_jpg_20230501095500.jpg,0.10562683455646038,0.011729019024642184,4.146667942404747,67.3699676990509,28.36601436138153
476,panel1_NVR_ch1_jpg_20230501095700.jpg,0.07069660350680351,0.0016790692825452425,1.5165516175329685,81.05758428573608,17.353488504886627
477,panel1_NVR_ch1_jpg_20230501095800.jpg,0.09462878224439919,0.0012814273759431671,1.180277206003666,82.88898468017578,15.834829211235046
478,panel1_NVR_ch1_jpg_20230501095900.jpg,0.05883493577130139,0.0003911710336979013,1.0440505109727383,85.37988662719727,13.516846299171448
479,panel1_NVR_ch1_jpg_20230501100100.jpg,0.011169116623932496,0.00041314124246127903,0.595237547531724,93.0252194404602,6.367960572242737
480,panel1_NVR_ch1_jpg_20230501100200.jpg,0.0019794368199654855,0.0007837156772438902,0.41586640290915966,95.52384614944458,4.057524353265762
481,panel1_NVR_ch1_jpg_20230501100300.jpg,0.0067913431848865,0.0022780775907449424,4.124796390533447,89.20525312423706,6.660883873701096
482,panel1_NVR_ch1_jpg_20230501100500.jpg,0.005162029265193269,0.0003626048737714882,19.290484488010406,78.00217866897583,2.7018090710043907
483,panel1_NVR_ch1_jpg_20230501100600.jpg,0.002735163980105426,0.0007383502179436618,9.809277951717377,87.6926064491272,2.4946365505456924
484,panel1_NVR_ch1_jpg_20230501100700.jpg,0.0016400950698880479,0.006334250065265223,40.548765659332275,56.60436153411865,2.838898077607155
485,panel1_NVR_ch1_jpg_20230501100900.jpg,0.261793308891356,0.579482177272439,76.35477781295776,12.788757681846619,10.0151889026165
486,panel1_NVR_ch1_jpg_20230501101000.jpg,0.12017568806186318,0.536065548658371,38.731756806373596,45.513105392456055,15.098890662193298
487,panel1_NVR_ch1_jpg_20230501101100.jpg,0.005745019734604284,0.432561244815588,71.5619146823883,21.03363424539566,6.966136395931244
488,panel1_NVR_ch1_jpg_20230501140700.jpg,0.000586852002015803,0.7495805155485868,7.59454146027565,1.2002401053905487,90.4550552368164
489,panel1_NVR_ch1_jpg_20230501140800.jpg,0.0003449299128988059,0.4594105761498213,6.874413788318634,0.7993094623088837,91.86652302742004
490,panel1_NVR_ch1_jpg_20230501140900.jpg,0.0003302374580016476,0.3781617386266589,7.993247359991074,0.7476193830370903,90.88064432144165
491,panel1_NVR_ch1_jpg_20230501141100.jpg,0.0011800618267443497,1.5253646299242973,9.073829650878906,3.6431770771741867,85.75645685195923
492,panel1_NVR_ch1_jpg_20230501141200.jpg,0.00036681956316897413,0.6141264922916889,7.994584739208221,1.3264588080346584,90.06446599960327
493,panel1_NVR_ch1_jpg_20230501141300.jpg,0.0007236309556901688,1.0891666635870934,9.175851196050644,1.921296864748001,87.81296014785767
494,panel1_NVR_ch1_jpg_20230501141500.jpg,0.0009294239134760574,0.6758446805179119,6.41387403011322,0.9242809377610683,91.98507070541382
495,panel1_NVR_ch1_jpg_20230501141600.jpg,0.0012687711205217056,0.7687894627451897,5.851350352168083,1.0247842408716679,92.35381484031677
496,panel1_NVR_ch1_jpg_20230501141700.jpg,0.0013269371265778318,0.7379160728305578,4.888670891523361,0.9377391077578068,93.43433976173401
497,panel1_NVR_ch1_jpg_20230501141900.jpg,0.0006317857241810998,0.5824900697916746,4.717833548784256,0.7764308247715235,93.92261505126953
498,panel1_NVR_ch1_jpg_20230501142000.jpg,0.0005758305633207783,0.6316763814538717,4.894028231501579,0.8054564706981182,93.66825819015503
499,panel1_NVR_ch1_jpg_20230501142100.jpg,0.0006961084636714077,0.8455141447484493,5.470763519406319,1.1199556291103363,92.56307482719421
500,panel1_NVR_ch1_jpg_20230501142300.jpg,0.0010030462362919934,0.8648515678942204,5.21371029317379,1.1195966973900795,92.80083179473877
501,panel1_NVR_ch1_jpg_20230501142400.jpg,0.0012260892617632635,0.8203659206628799,4.855832830071449,0.9938772767782211,93.3286964893341
502,panel1_NVR_ch1_jpg_20230501142500.jpg,0.0014250454114517197,0.6951558403670788,3.965306654572487,0.7671318482607603,94.57099437713623
503,panel1_NVR_ch1_jpg_20230501142700.jpg,0.0016220936231547967,0.9106895886361599,5.006099119782448,1.202976144850254,92.8786039352417
504,panel1_NVR_ch1_jpg_20230501142800.jpg,0.0014426663256017491,0.8612670004367828,5.556122586131096,1.4449446462094784,92.13622212409973
505,panel1_NVR_ch1_jpg_20230501142900.jpg,0.002972355105157476,0.9746271185576916,4.62542250752449,1.18612265214324,93.2108461856842
506,panel1_NVR_ch1_jpg_20230501143100.jpg,0.019719891133718193,4.781205579638481,7.104092836380005,4.786910861730576,83.30807089805603
507,panel1_NVR_ch1_jpg_20230501143200.jpg,0.020070491882506758,2.5527866557240486,5.164646729826927,1.6979977488517761,90.56450724601746
508,panel1_NVR_ch1_jpg_20230501143300.jpg,0.019198469817638397,2.7061663568019867,3.2774746417999268,1.552745047956705,92.44441986083984
509,panel1_NVR_ch1_jpg_20230501143500.jpg,0.01811078400351107,2.9605794697999954,4.2626190930604935,1.7805695533752441,90.9781277179718
510,panel1_NVR_ch1_jpg_20230501143600.jpg,0.012665278336498886,2.5428926572203636,4.237158969044685,1.5690354630351067,91.63824319839478
511,panel1_NVR_ch1_jpg_20230501143700.jpg,0.010134683543583378,2.232728712260723,4.980624467134476,1.7380366101861,91.03848338127136
512,panel1_NVR_ch1_jpg_20230501143900.jpg,0.031113234581425786,3.1016049906611443,7.549585402011871,2.175280638039112,87.14241981506348
513,panel1_NVR_ch1_jpg_20230501144000.jpg,0.04532203311100602,3.376750648021698,4.8755887895822525,2.127065882086754,89.57527279853821
514,panel1_NVR_ch1_jpg_20230501144100.jpg,0.052924087503924966,2.229032479226589,3.7512969225645065,1.5701981261372566,92.39655137062073
515,panel1_NVR_ch1_jpg_20230501144300.jpg,0.09582981583662331,2.4495312944054604,3.6895044147968292,1.9675305113196373,91.79760217666626
516,panel1_NVR_ch1_jpg_20230501144400.jpg,0.046946131624281406,2.5024309754371643,2.712188847362995,1.3860652223229408,93.35236549377441
517,panel1_NVR_ch1_jpg_20230501144500.jpg,0.028212059987708926,1.8879972398281097,2.632649801671505,1.0723466984927654,94.3787932395935
518,panel1_NVR_ch1_jpg_20230501144700.jpg,0.024221975763794035,2.94059906154871,3.8915950804948807,1.0736913420259953,92.06989407539368
519,panel1_NVR_ch1_jpg_20230501144800.jpg,0.01623874850338325,3.708777204155922,3.7042155861854553,1.2448715046048164,91.3258969783783
520,panel1_NVR_ch1_jpg_20230501144900.jpg,0.014098684187047184,3.1047578901052475,4.970316961407661,1.3260114938020706,90.58482050895691
521,panel1_NVR_ch1_jpg_20230501145100.jpg,0.003252852548030205,1.8292728811502457,7.308562099933624,2.165164053440094,88.69374394416809
522,panel1_NVR_ch1_jpg_20230501145200.jpg,0.004414206341607496,2.196788415312767,11.720521003007889,3.3157631754875183,82.76252150535583
523,panel1_NVR_ch1_jpg_20230501145300.jpg,0.020786009554285556,2.7399852871894836,12.00919970870018,3.160322830080986,82.06969499588013
524,panel1_NVR_ch1_jpg_20230501145500.jpg,0.006049798685126007,2.1824004128575325,7.703885436058044,1.970619335770607,88.13704252243042
525,panel1_NVR_ch1_jpg_20230501145600.jpg,0.003276709685451351,1.6684139147400856,8.750902116298676,2.4597352370619774,87.11766600608826
526,panel1_NVR_ch1_jpg_20230501145700.jpg,0.00306400288536679,1.6848338767886162,10.804097354412079,2.796184830367565,84.71182584762573
527,panel1_NVR_ch1_jpg_20230501145900.jpg,0.0028372702217893675,1.480014342814684,12.320183217525482,2.9667049646377563,83.23025703430176
528,panel1_NVR_ch1_jpg_20230501150000.jpg,0.0026650342988432385,1.4564665034413338,12.534402310848236,3.024730645120144,82.98174738883972
529,panel1_NVR_ch1_jpg_20230501150100.jpg,0.0025948531401809305,1.4157827012240887,12.786978483200073,3.2720066606998444,82.52264261245728
530,panel1_NVR_ch1_jpg_20230501150300.jpg,0.004391838956507854,1.5593580901622772,11.967699974775314,2.9833633452653885,83.4851861000061
531,panel1_NVR_ch1_jpg_20230501150400.jpg,0.004876174716628157,1.6586920246481895,10.434246808290482,2.671251632273197,85.23094058036804
532,panel1_NVR_ch1_jpg_20230501150500.jpg,0.006444237078540027,1.418942864984274,9.574643522500992,2.2908788174390793,86.70909404754639
533,panel1_NVR_ch1_jpg_20230524092400.jpg,1.4885406685039015e-06,0.007130227459128946,98.89528751373291,0.877281092107296,0.22029092069715261
534,panel1_NVR_ch1_jpg_20230524092500.jpg,1.387600345736928e-06,0.005564879393205047,98.3725368976593,1.427499670535326,0.1943918177857995
535,panel1_NVR_ch1_jpg_20230524092600.jpg,9.852180404834598e-07,0.005004740523872897,98.34458231925964,1.4886467717587948,0.16175967175513506
536,panel1_NVR_ch1_jpg_20230524092800.jpg,4.946195009125631e-07,0.005344063538359478,99.05064702033997,0.7996934466063976,0.14431485906243324
537,panel1_NVR_ch1_jpg_20230524092900.jpg,1.8688095515528858e-07,0.004540690861176699,99.29894208908081,0.5825676955282688,0.11395051842555404
538,panel1_NVR_ch1_jpg_20230524093000.jpg,1.6494773324993162e-07,0.004305269249016419,99.30619597434998,0.5789108108729124,0.11057789670303464
539,panel1_NVR_ch1_jpg_20230524093200.jpg,2.164911583335538e-07,0.005207731373957358,99.14626479148865,0.7078531198203564,0.14067115262150764
540,panel1_NVR_ch1_jpg_20230524093300.jpg,2.2387136588974954e-07,0.006898413994349539,99.24958944320679,0.5872027482837439,0.15630903653800488
541,panel1_NVR_ch1_jpg_20230524093400.jpg,1.813139971496014e-07,0.007013980211922899,99.35459494590759,0.4972434137016535,0.14114006189629436
542,panel1_NVR_ch1_jpg_20230524093600.jpg,2.6665203378684055e-07,0.006471767846960574,99.21377301216125,0.6071960553526878,0.17255579587072134
543,panel1_NVR_ch1_jpg_20230524093700.jpg,5.779582590292875e-07,0.007853961869841442,98.94725680351257,0.8290327154099941,0.21585584618151188
544,panel1_NVR_ch1_jpg_20230524093800.jpg,4.759787231023438e-07,0.007177775114541873,98.97286891937256,0.8238422684371471,0.19611632451415062
545,panel1_NVR_ch1_jpg_20230524094000.jpg,4.106089690480985e-07,0.005481565676745959,98.959481716156,0.8869311772286892,0.1481053652241826
546,panel1_NVR_ch1_jpg_20230524094100.jpg,1.7713102096195144e-07,0.00407480874855537,99.12079572677612,0.7733398582786322,0.10178956435993314
547,panel1_NVR_ch1_jpg_20230524094200.jpg,9.922717092436528e-08,0.0028170312361908145,99.18107986450195,0.7358908653259277,0.08021413232199848
548,panel1_NVR_ch1_jpg_20230524094400.jpg,5.789165813396835e-08,0.0018579259631223977,99.15050864219666,0.7818298414349556,0.06579458713531494
549,panel1_NVR_ch1_jpg_20230524094500.jpg,3.22936510865901e-08,0.002063614192593377,99.36002492904663,0.5810423288494349,0.056865380611270666
550,panel1_NVR_ch1_jpg_20230524094600.jpg,1.794390469544993e-08,0.0023050399249768816,99.48664903640747,0.45771137811243534,0.05332977743819356
551,panel1_NVR_ch1_jpg_20230524094800.jpg,8.251391236946404e-08,0.0030684906960232183,99.689120054245,0.2174281980842352,0.09038353455252945
552,panel1_NVR_ch1_jpg_20230524094900.jpg,7.386516953644673e-08,0.0025207702492480166,99.76080656051636,0.14155886601656675,0.09511977550573647
553,panel1_NVR_ch1_jpg_20230524095000.jpg,3.245336777091268e-08,0.0014824089703324717,99.86361861228943,0.06487014470621943,0.07002879283390939
554,panel1_NVR_ch1_jpg_20230524095300.jpg,3.325767716777506e-08,0.0030283759770100005,99.81721639633179,0.07025392260402441,0.1094910316169262
555,panel1_NVR_ch1_jpg_20230524095200.jpg,3.505239987156017e-08,0.001618264286662452,99.86972212791443,0.045940768904984,0.08272275445051491
556,panel1_NVR_ch1_jpg_20230524095400.jpg,1.5936013619821665e-08,0.0019005503418156877,99.81114864349365,0.1073590712621808,0.07958529167808592
557,panel1_NVR_ch1_jpg_20230524095600.jpg,2.6932225546949518e-09,0.000530074248672463,99.75010752677917,0.21113923285156488,0.03822373691946268
558,panel1_NVR_ch1_jpg_20230524095700.jpg,1.608046508450034e-09,0.0004203855041851057,99.69210624694824,0.27798288501799107,0.029492925386875868
559,panel1_NVR_ch1_jpg_20230524095800.jpg,6.043453931736664e-10,0.0002597825641714735,99.71117973327637,0.2698980737477541,0.018657729378901422
560,panel1_NVR_ch1_jpg_20230524100000.jpg,2.0453901159595e-10,0.00024046662474574987,99.79244470596313,0.1936023705638945,0.013706249592360109
561,panel1_NVR_ch1_jpg_20230524100100.jpg,1.6146854903489882e-10,0.00020576046608766774,99.78406429290771,0.204108702018857,0.011622450983850285
562,panel1_NVR_ch1_jpg_20230524100200.jpg,1.1686423313436722e-10,0.00011225463367736666,99.73496198654175,0.2575920196250081,0.007331662345677614
563,panel1_NVR_ch1_jpg_20230524100500.jpg,3.2061614647915793e-10,0.00012391036534609157,99.84329342842102,0.15055950498208404,0.006026028131600469
564,panel1_NVR_ch1_jpg_20230524100600.jpg,8.85877742690111e-10,0.00017277990309594315,99.8150885105133,0.1760182436555624,0.008720600453671068
565,panel1_NVR_ch1_jpg_20230524100400.jpg,1.3370723798977746e-10,9.617061778044445e-05,99.8166024684906,0.17859404906630516,0.00471483581350185
566,panel1_NVR_ch1_jpg_20230524100800.jpg,9.081051882686708e-10,0.0002692186171771027,99.87649917602539,0.11032427428290248,0.012907240306958556
567,panel1_NVR_ch1_jpg_20230524100900.jpg,2.112257591058153e-09,0.00031908389246382285,99.894779920578,0.09049367508850992,0.014405176625587046
568,panel1_NVR_ch1_jpg_20230524101000.jpg,2.754868728971349e-09,0.00032569330414844444,99.92364645004272,0.05849782610312104,0.01753525430103764
569,panel1_NVR_ch1_jpg_20230524101200.jpg,7.019534953300877e-09,0.000788362194725778,99.93181228637695,0.023156001407187432,0.044238445116207004
570,panel1_NVR_ch1_jpg_20230524101300.jpg,1.4548054427798718e-08,0.0014089147953200154,99.9105155467987,0.02378235658397898,0.06429454078897834
571,panel1_NVR_ch1_jpg_20230524101400.jpg,2.8794375217522372e-08,0.0018568978703115135,99.89134073257446,0.036266265669837594,0.07054005400277674
572,panel1_NVR_ch1_jpg_20230524101600.jpg,1.3992744463120488e-08,0.0016888689060579054,99.9083399772644,0.030096739646978676,0.05986741161905229
573,panel1_NVR_ch1_jpg_20230524101800.jpg,1.9036841547581673e-08,0.0018123822883353569,99.8586893081665,0.08245363715104759,0.057042413391172886
574,panel1_NVR_ch1_jpg_20230524101700.jpg,2.5831489725014478e-08,0.0017183729141834192,99.8711109161377,0.06360383704304695,0.06356320809572935
575,panel1_NVR_ch1_jpg_20230524102000.jpg,1.0047341431063117e-08,0.0011931725566682871,99.8284637928009,0.13961712829768658,0.030724293901585042
576,panel1_NVR_ch1_jpg_20230524102100.jpg,5.591273971594646e-09,0.0012312658327573445,99.8906135559082,0.0786653021350503,0.029487631400115788
577,panel1_NVR_ch1_jpg_20230524102200.jpg,9.015458518613073e-09,0.0009104716809815727,99.90069270133972,0.06840714486315846,0.029991174233146012
578,panel1_NVR_ch1_jpg_20230524141000.jpg,0.0018927421479020268,5.542389675974846,20.44418454170227,66.14452004432678,7.867012172937393
579,panel1_NVR_ch1_jpg_20230524141100.jpg,0.0002798973582684994,5.246257036924362,13.126423954963684,76.55465602874756,5.072375386953354
580,panel1_NVR_ch1_jpg_20230524141200.jpg,3.0178571819305944e-05,1.5246132388710976,78.22854518890381,17.539046704769135,2.7077673003077507
581,panel1_NVR_ch1_jpg_20230524141400.jpg,1.8815352120782336e-05,0.1479024183936417,86.47926449775696,12.196887284517288,1.1759203858673573
582,panel1_NVR_ch1_jpg_20230524141500.jpg,0.0003157989340252243,1.0199216194450855,37.94802129268646,58.916956186294556,2.114778198301792
583,panel1_NVR_ch1_jpg_20230524141600.jpg,7.139845479287033e-05,1.2663543224334717,71.11074924468994,24.487213790416718,3.1356126070022583
584,panel1_NVR_ch1_jpg_20230524141800.jpg,0.0009157485692412592,0.20650227088481188,15.919111669063568,82.93958306312561,0.9338871575891972
585,panel1_NVR_ch1_jpg_20230524141900.jpg,0.000976823503151536,0.03263421240262687,11.506380140781403,87.77965903282166,0.6803396157920361
586,panel1_NVR_ch1_jpg_20230524142000.jpg,0.0005450768185255583,0.026648506172932684,29.753360152244568,69.021075963974,1.1983699165284634
587,panel1_NVR_ch1_jpg_20230524142200.jpg,0.0001159362568614597,0.19013765268027782,66.66332483291626,30.058109760284424,3.0883152037858963
588,panel1_NVR_ch1_jpg_20230524142300.jpg,5.5577856983290985e-05,0.2603973262012005,67.87000894546509,28.20534110069275,3.664197400212288
589,panel1_NVR_ch1_jpg_20230524142400.jpg,0.00014160713135424885,0.6874246522784233,58.98905396461487,35.02011299133301,5.303272604942322
590,panel1_NVR_ch1_jpg_20230524142600.jpg,1.232136526141403e-05,0.1123941969126463,70.46075463294983,26.51737630367279,2.909455820918083
591,panel1_NVR_ch1_jpg_20230524142700.jpg,1.3997279779687233e-05,0.09099922026507556,63.483816385269165,33.56444537639618,2.860731817781925
592,panel1_NVR_ch1_jpg_20230524142800.jpg,1.0240837156061389e-05,0.05461634136736393,87.45901584625244,10.860847681760788,1.6255071386694908
593,panel1_NVR_ch1_jpg_20230524143000.jpg,3.6445857887201782e-06,0.06019514985382557,94.37298774719238,4.623774066567421,0.9430398233234882
594,panel1_NVR_ch1_jpg_20230524143100.jpg,8.544560614609509e-06,0.030311639420688152,94.75170373916626,4.619059339165688,0.598909379914403
595,panel1_NVR_ch1_jpg_20230524143200.jpg,3.466107330041268e-05,0.052341766422614455,94.58174109458923,4.423556476831436,0.942317396402359
596,panel1_NVR_ch1_jpg_20230524143400.jpg,3.4051037545168583e-06,0.003172757715219632,98.60493540763855,1.2184823863208294,0.17340189078822732
597,panel1_NVR_ch1_jpg_20230524143500.jpg,3.5343038717883246e-06,0.0031945663067745045,98.77245426177979,1.0797894559800625,0.14456064673140645
598,panel1_NVR_ch1_jpg_20230524143600.jpg,1.0570651198804626e-05,0.009114380372921005,98.23242425918579,1.489270105957985,0.26918069925159216
599,panel1_NVR_ch1_jpg_20230524143800.jpg,3.454229897670302e-05,0.03749341703951359,98.85607361793518,0.44415220618247986,0.6622454151511192
600,panel1_NVR_ch1_jpg_20230524143900.jpg,2.0073714779300644e-05,0.039528682827949524,99.04603958129883,0.32432687003165483,0.5900951102375984
601,panel1_NVR_ch1_jpg_20230524144000.jpg,9.507954246146255e-06,0.02509466139599681,99.27389025688171,0.2643364481627941,0.43666637502610683
602,panel1_NVR_ch1_jpg_20230524144200.jpg,3.4762322798087553e-06,0.008252274710685015,99.35327768325806,0.41226777248084545,0.22619988303631544
603,panel1_NVR_ch1_jpg_20230524144400.jpg,2.0183792415195967e-06,0.003765135261346586,99.2624580860138,0.6021356210112572,0.13164525153115392
604,panel1_NVR_ch1_jpg_20230524144600.jpg,8.165551435013185e-06,0.007887647370807827,98.76075387001038,0.9817056357860565,0.24964604526758194
605,panel1_NVR_ch1_jpg_20230524144300.jpg,2.801901111126881e-06,0.004472021464607678,99.16636943817139,0.6856885738670826,0.1434661797247827
606,panel1_NVR_ch1_jpg_20230524144700.jpg,2.6974129241352784e-05,0.013348319043871015,97.68169522285461,1.9232703372836113,0.38165426813066006
607,panel1_NVR_ch1_jpg_20230524144800.jpg,5.9640558447426884e-05,0.02003408008022234,94.87721920013428,4.535352438688278,0.5673420149832964
608,panel1_NVR_ch1_jpg_20230524145000.jpg,2.264697513965075e-05,0.012253293243702501,97.51586318016052,2.0094133913517,0.4624452907592058
609,panel1_NVR_ch1_jpg_20230524145100.jpg,1.9159192277129478e-05,0.025866072974167764,98.23227524757385,1.2023256160318851,0.539514934644103
610,panel1_NVR_ch1_jpg_20230524145200.jpg,1.083714877836428e-05,0.04214212822262198,98.28507900238037,1.0034264996647835,0.6693465169519186
611,panel1_NVR_ch1_jpg_20230524145400.jpg,1.5881502690717753e-05,0.057516497327014804,95.65239548683167,3.2192420214414597,1.0708346962928772
612,panel1_NVR_ch1_jpg_20230524145500.jpg,3.8776494193371036e-05,0.0694672402460128,95.42235732078552,3.069528378546238,1.4386115595698357
613,panel1_NVR_ch1_jpg_20230524145600.jpg,7.495047498196072e-05,0.0935979129280895,95.61752676963806,2.529151923954487,1.7596475780010223
614,panel1_NVR_ch1_jpg_20230524145800.jpg,1.8477615526535374e-05,0.0572431948967278,98.41416478157043,0.6914316676557064,0.8371422998607159
615,panel1_NVR_ch1_jpg_20230524145900.jpg,1.8365616938353924e-05,0.044208866893313825,98.40317368507385,0.8149946108460426,0.7375949528068304
616,panel1_NVR_ch1_jpg_20230524150000.jpg,3.603223035497649e-05,0.09110874962061644,98.08990955352783,0.7658364251255989,1.0531071573495865
617,panel1_NVR_ch1_jpg_20230524150200.jpg,4.125615191696852e-05,0.12077427236363292,97.28796482086182,1.0084431618452072,1.5827761963009834
618,panel1_NVR_ch1_jpg_20230524150300.jpg,1.7999455792505614e-05,0.10026874952018261,97.11215496063232,1.3590466231107712,1.4285115525126457
619,panel1_NVR_ch1_jpg_20230524150400.jpg,2.1626263446705707e-05,0.13463342329487205,96.14328145980835,1.8755685538053513,1.8465043976902962
620,panel1_NVR_ch1_jpg_20230524150600.jpg,4.767913424075232e-05,0.1620922819711268,95.1251745223999,2.245098724961281,2.4675801396369934
621,panel1_NVR_ch1_jpg_20230524150700.jpg,4.087785896444984e-05,0.1781269209459424,95.56933641433716,1.449510920792818,2.8029847890138626
622,panel1_NVR_ch1_jpg_20230524150800.jpg,6.510378511848103e-05,0.20185846369713545,94.68851685523987,1.982237957417965,3.1273189932107925
